iso3,year,country,region,income_group,avoidable,preventable,treatable,spend_ppp,health_gdp_pct,public_share,oop_share,gdp_ppp_constant,age65_pct,life_expectancy,population,urban_pct,spend_real_proxy,lag_treatable,lag_preventable,lag_spend_real_proxy,lag_gdp_ppp_constant,lag_age65_pct,lag_oop_share,lag_public_share,lag_urban_pct,log_treatable,log_lag_treatable,log_spend_real_proxy,log_lag_spend_real_proxy,log_gdp_ppp_constant,log_lag_gdp_ppp_constant
ARG,2010,Argentina,Latin America & Caribbean ,Upper middle income,285,146,139,1692.889609,9.4852438,58.72151566,26.66778946,28056.25702,10.40210318,75.68,41288694,90.99300519,2661.20438,,,2463.62811,25747.19768,10.29625603,25.87911415,60.05429459,90.82090232,4.934473933,,7.886534074,7.809390384,10.24196695,10.15608107
ARG,2011,Argentina,Latin America & Caribbean ,Upper middle income,281,146,135,1816.965404,9.51042366,60.14045334,26.63217354,29425.75939,10.51609404,76.1,41730660,91.10722867,2798.514383,139,146,2661.20438,28056.25702,10.40210318,26.66778946,58.72151566,90.99300519,4.905274778,4.934473933,7.936843978,7.886534074,10.28962574,10.24196695
ARG,2012,Argentina,Latin America & Caribbean ,Upper middle income,282,147,135,1920.733354,9.8851881,62.14928055,25.93460083,28825.96669,10.64233466,75.802,42161721,91.20412172,2849.501029,135,146,2798.514383,29425.75939,10.51609404,26.63217354,60.14045334,91.10722867,4.905274778,4.905274778,7.95489918,7.936843978,10.26903188,10.28962574
ARG,2013,Argentina,Latin America & Caribbean ,Upper middle income,286,147,139,1977.13774,9.92091465,63.45186996,26.43915558,29227.66018,10.76715738,75.829,42582455,91.30145077,2899.651221,135,147,2849.501029,28825.96669,10.64233466,25.93460083,62.14928055,91.20412172,4.934473933,4.905274778,7.97234574,7.95489918,10.28287081,10.26903188
ARG,2014,Argentina,Latin America & Caribbean ,Upper middle income,281,145,136,1909.324622,9.79773045,65.37956238,26.69315529,28200.81526,10.89414213,76.268,43024071,91.39753455,2763.039864,139,147,2899.651221,29227.66018,10.76715738,26.43915558,63.45186996,91.30145077,4.912654886,4.934473933,7.924086752,7.97234574,10.24710617,10.28287081
ARG,2015,Argentina,Latin America & Caribbean ,Upper middle income,290,149,141,2044.367401,10.27364159,66.21888733,25.82054329,28669.20613,11.03152167,76.6,43477012,91.49230191,2945.371485,136,145,2763.039864,28200.81526,10.89414213,26.69315529,65.37956238,91.39753455,4.94875989,4.912654886,7.987990229,7.924086752,10.26357887,10.24710617
ARG,2016,Argentina,Latin America & Caribbean ,Upper middle income,296,147,149,2021.343944,10.05355549,65.42720795,26.47557259,27802.10572,11.16881432,76.105,43900313,91.58568172,2795.100126,141,149,2945.371485,28669.20613,11.03152167,25.82054329,66.21888733,91.49230191,5.003946306,4.94875989,7.935623208,7.987990229,10.23286704,10.26357887
ARG,2017,Argentina,Latin America & Caribbean ,Upper middle income,283,142,141,2399.443912,10.26057911,65.13188171,20.74797821,28334.90418,11.30712476,76.543,44288894,91.67760284,2907.32526,149,147,2795.100126,27802.10572,11.16881432,26.47557259,65.42720795,91.58568172,4.94875989,5.003946306,7.974988783,7.935623208,10.25184969,10.23286704
ARG,2018,Argentina,Latin America & Caribbean ,Upper middle income,276,138,138,2483.242972,10.17289257,60.07154465,24.02781868,27367.11509,11.46365152,76.77,44654882,91.76799413,2784.027218,141,142,2907.32526,28334.90418,11.30712476,20.74797821,65.13188171,91.67760284,4.927253685,4.94875989,7.931653798,7.974988783,10.21709739,10.25184969
ARG,2019,Argentina,Latin America & Caribbean ,Upper middle income,270,133,137,2379.694109,10.11911297,61.46165085,23.27544212,26629.55294,11.63253919,76.847,44973465,91.85678445,2694.674546,138,138,2784.027218,27367.11509,11.46365152,24.02781868,60.07154465,91.76799413,4.919980926,4.927253685,7.899032714,7.931653798,10.18977689,10.21709739
ARG,2020,Argentina,Latin America & Caribbean ,Upper middle income,325,194,131,2389.921722,10.67246342,65.50105286,20.85133553,23877.09314,11.79343399,75.878,45191965,91.94390266,2548.274031,137,133,2694.674546,26629.55294,11.63253919,23.27544212,61.46165085,91.85678445,4.875197323,4.919980926,7.843171558,7.899032714,10.08067483,10.18977689
ARG,2021,Argentina,Latin America & Caribbean ,Upper middle income,421,269,152,2895.423961,11.00910187,57.6622963,25.59913445,26300.27426,11.91862078,73.948,45312281,92.02927762,2895.423986,131,194,2548.274031,23877.09314,11.79343399,20.85133553,65.50105286,91.94390266,5.023880521,4.875197323,7.970886834,7.843171558,10.17733465,10.08067483
ARG,2022,Argentina,Latin America & Caribbean ,Upper middle income,299,152,147,3006.979255,10.15950489,58.63531876,25.21296501,27825.02735,12.03408001,75.806,45407904,92.11283819,2826.885014,152,269,2895.423986,26300.27426,11.91862078,25.59913445,57.6622963,92.02927762,4.990432587,5.023880521,7.946930683,7.970886834,10.23369116,10.17733465
ARG,2023,Argentina,Latin America & Caribbean ,Upper middle income,262,122,140,3089.307585,10.2695179,60.22618103,24.46961784,27230.39685,12.2030218,77.395,45538401,92.19451323,2796.430479,147,152,2826.885014,27825.02735,12.03408001,25.21296501,58.63531876,92.11283819,4.941642423,4.990432587,7.936099054,7.946930683,10.21208916,10.23369116
AUS,2010,Australia,East Asia & Pacific,High income,170,110,60,3587.38002,8.4193306,72.35727692,19.74928665,52739.26816,13.52928938,81.69512195,22031750,86.21986005,4440.293342,,,4477.071554,52407.91154,13.31490399,19.05284309,73.01054382,86.12781391,4.094344562,,8.398475721,8.406724441,10.87311558,10.86681284
AUS,2011,Australia,East Asia & Pacific,High income,168,109,59,3770.500751,8.53425312,73.26029968,19.17248344,53257.04732,13.79881471,81.89512195,22340024,86.32689461,4545.091223,60,110,4440.293342,52739.26816,13.52928938,19.74928665,72.35727692,86.21986005,4.077537444,4.094344562,8.421803077,8.398475721,10.88288542,10.87311558
AUS,2012,Australia,East Asia & Pacific,High income,161,105,56,3786.956328,8.67020702,71.23465729,19.93433952,54403.88369,14.088046,82.04634146,22733465,86.44512591,4716.929343,59,109,4545.091223,53257.04732,13.79881471,19.17248344,73.26029968,86.32689461,4.025351691,4.077537444,8.458913304,8.421803077,10.90419082,10.88288542
AUS,2013,Australia,East Asia & Pacific,High income,160,105,55,4160.105147,8.7465601,67.7279892,19.52692413,54895.00526,14.36632441,82.14878049,23128129,86.57405158,4801.424627,56,105,4716.929343,54403.88369,14.088046,19.93433952,71.23465729,86.44512591,4.007333185,4.025351691,8.47666795,8.458913304,10.91317764,10.90419082
AUS,2014,Australia,East Asia & Pacific,High income,162,107,55,4657.644394,9.82833862,70.11461639,17.84736443,55489.06884,14.63439339,82.3,23475686,86.72212893,5453.653583,55,105,4801.424627,54895.00526,14.36632441,19.52692413,67.7279892,86.57405158,4.007333185,4.007333185,8.604041045,8.47666795,10.92394132,10.91317764
AUS,2015,Australia,East Asia & Pacific,High income,162,108,54,4760.543576,10.13642025,71.26315308,16.91646767,55879.99588,14.899458,82.4,23815995,86.87786425,5664.231218,55,107,5453.653583,55489.06884,14.63439339,17.84736443,70.11461639,86.72212893,3.988984047,4.007333185,8.641926457,8.604041045,10.93096174,10.92394132
AUS,2016,Australia,East Asia & Pacific,High income,156,103,53,5026.326032,10.08958244,71.40471649,16.63350677,56529.95182,15.1508163,82.44878049,24190907,87.01662952,5703.636093,54,108,5664.231218,55879.99588,14.899458,16.91646767,71.26315308,86.87786425,3.970291914,3.988984047,8.648859161,8.641926457,10.9425259,10.93096174
AUS,2017,Australia,East Asia & Pacific,High income,154,103,51,5095.82682,10.10880566,71.52568054,16.31333733,56881.85699,15.38761302,82.5,24592588,87.12809266,5750.076379,53,103,5703.636093,56529.95182,15.1508163,16.63350677,71.40471649,87.01662952,3.931825633,3.970291914,8.656968417,8.648859161,10.94873171,10.9425259
AUS,2018,Australia,East Asia & Pacific,High income,150,101,49,5319.092312,10.08907509,71.27389526,16.48277283,57647.84551,15.64096761,82.74878049,24963258,87.22676808,5816.134421,51,103,5750.076379,56881.85699,15.38761302,16.31333733,71.52568054,87.12809266,3.891820298,3.931825633,8.668391131,8.656968417,10.96210815,10.94873171
AUS,2019,Australia,East Asia & Pacific,High income,155,104,51,5464.569148,10.25421429,73.50791168,15.01641464,58048.61884,15.94506378,82.9,25334826,87.30196479,5952.429768,49,101,5816.134421,57647.84551,15.64096761,16.48277283,71.27389526,87.22676808,3.931825633,3.891820298,8.69155478,8.668391131,10.96903619,10.96210815
AUS,2020,Australia,East Asia & Pacific,High income,145,97,48,6059.418886,10.70324135,73.36904907,15.23493195,57260.46505,16.33872028,83.2,25649248,87.27134705,6128.725773,51,104,5952.429768,58048.61884,15.94506378,15.01641464,73.50791168,87.30196479,3.871201011,3.931825633,8.72074214,8.69155478,10.9553657,10.96903619
AUS,2021,Australia,East Asia & Pacific,High income,145,98,47,6764.38828,10.51612186,75.48329163,14.4608345,58327.41468,16.74918736,83.3,25685412,87.23534076,6133.782006,48,97,6128.725773,57260.46505,16.33872028,15.23493195,73.36904907,87.27134705,3.850147602,3.871201011,8.721566805,8.72074214,10.9738275,10.9553657
AUS,2022,Australia,East Asia & Pacific,High income,156,107,49,7128.308275,9.89226055,74.28852844,15.13268661,60029.13292,17.07503205,83.2,26018721,87.33432683,5938.238234,47,98,6133.782006,58327.41468,16.74918736,14.4608345,75.48329163,87.23534076,3.891820298,3.850147602,8.689167775,8.721566805,11.00258527,10.9738275
AUS,2023,Australia,East Asia & Pacific,High income,147,100,47,7690.824993,10.39852047,73.6608429,15.84897614,60684.95962,17.38402497,83.05121951,26659922,87.48669557,6310.337948,49,107,5938.238234,60029.13292,17.07503205,15.13268661,74.28852844,87.33432683,3.850147602,3.891820298,8.749944512,8.689167775,11.01345116,11.00258527
AUT,2010,Austria,Europe & Central Asia,High income,214,144,70,4312.057689,10.31620026,72.21860504,19.23719788,59730.46739,17.65924497,80.5804878,8363404,67.10474293,6161.914632,,,6064.247388,58810.35968,17.53136629,18.60381508,72.81166077,67.07058957,4.248495242,,8.726142825,8.710165723,10.99759751,10.9820733
AUT,2011,Austria,Europe & Central Asia,High income,206,140,66,4486.489585,10.1370182,72.44824219,19.31062889,61272.17247,17.73606711,80.98292683,8391643,67.14842554,6211.171274,70,144,6161.914632,59730.46739,17.65924497,19.23719788,72.21860504,67.10474293,4.189654742,4.248495242,8.734104768,8.726142825,11.02308106,10.99759751
AUT,2012,Austria,Europe & Central Asia,High income,204,140,64,4767.400239,10.30198097,72.70710754,19.14427948,61376.63459,17.94970493,80.93658537,8429991,67.20859098,6323.009216,66,140,6211.171274,61272.17247,17.73606711,19.31062889,72.44824219,67.14842554,4.158883083,4.189654742,8.751950516,8.734104768,11.0247845,11.02308106
AUT,2013,Austria,Europe & Central Asia,High income,199,136,63,4961.155803,10.40574837,72.01264191,19.60377693,60862.96937,18.19944605,81.13658537,8479823,67.29813088,6333.247443,64,140,6323.009216,61376.63459,17.94970493,19.14427948,72.70710754,67.20859098,4.143134726,4.158883083,8.753568408,8.751950516,11.01638021,11.0247845
AUT,2014,Austria,Europe & Central Asia,High income,197,134,63,5105.975608,10.51159096,72.28821564,19.61263084,60845.5744,18.38805637,81.4902439,8546356,67.41543276,6395.837898,63,136,6333.247443,60862.96937,18.19944605,19.60377693,72.01264191,67.29813088,4.143134726,4.143134726,8.763402729,8.753568408,11.01609437,11.01638021
AUT,2015,Austria,Europe & Central Asia,High income,201,137,64,5247.518394,10.51688385,72.01392365,19.84508324,60951.60373,18.4613708,81.1902439,8642699,67.55761755,6410.209369,63,134,6395.837898,60845.5744,18.38805637,19.61263084,72.28821564,67.41543276,4.158883083,4.143134726,8.765647212,8.763402729,11.01783545,11.01609437
AUT,2016,Austria,Europe & Central Asia,High income,195,132,63,5533.682041,10.51713753,71.76594543,20.04564476,61572.62574,18.49991568,81.64146341,8736668,67.72180619,6475.67773,64,137,6410.209369,60951.60373,18.4613708,19.84508324,72.01392365,67.55761755,4.143134726,4.158883083,8.77580855,8.765647212,11.02797266,11.01783545
AUT,2017,Austria,Europe & Central Asia,High income,189,128,61,5710.791073,10.57132816,72.98487854,20.11006927,62535.81057,18.61032967,81.64390244,8797566,67.90511961,6610.865753,63,132,6475.67773,61572.62574,18.49991568,20.04564476,71.76594543,67.72180619,4.110873864,4.143134726,8.796469901,8.77580855,11.04349464,11.02797266
AUT,2018,Austria,Europe & Central Asia,High income,188,128,60,5968.055505,10.5157156,73.75431061,19.29269981,63777.93622,18.76258285,81.69268293,8840521,68.10467872,6706.706388,61,128,6610.865753,62535.81057,18.61032967,20.11006927,72.98487854,67.90511961,4.094344562,4.110873864,8.810863258,8.796469901,11.06316258,11.04349464
AUT,2019,Austria,Europe & Central Asia,High income,183,124,59,6428.202303,10.62530422,74.22563934,18.7592411,64609.28364,18.94029936,81.89512195,8879920,68.31760448,6864.932941,60,128,6706.706388,63777.93622,18.76258285,19.29269981,73.75431061,68.10467872,4.077537444,4.094344562,8.83418155,8.810863258,11.07611339,11.06316258
AUT,2020,Austria,Europe & Central Asia,High income,191,134,57,6691.048512,11.41292953,76.31904602,17.17389679,60276.33077,19.16978884,81.19268293,8916864,68.54101779,6879.295154,59,124,6864.932941,64609.28364,18.94029936,18.7592411,74.22563934,68.31760448,4.043051268,4.077537444,8.836271477,8.83418155,11.00669478,11.07611339
AUT,2021,Austria,Europe & Central Asia,High income,198,141,57,7692.771192,12.185215,77.65250397,16.02560425,62968.85388,19.46285272,81.1902439,8955797,68.7736017,7672.890228,57,134,6879.295154,60276.33077,19.16978884,17.17389679,76.31904602,68.54101779,4.043051268,4.043051268,8.945448646,8.836271477,11.0503955,11.00669478
AUT,2022,Austria,Europe & Central Asia,High income,187,132,55,7995.779139,11.22519779,77.11503601,16.29116058,65694.45915,19.78975092,81.29512195,9041851,68.99808513,7374.332977,57,141,7672.890228,62968.85388,19.46285272,16.02560425,77.65250397,68.7736017,4.007333185,4.043051268,8.905760733,8.945448646,11.09276987,11.0503955
AUT,2023,Austria,Europe & Central Asia,High income,175,121,54,7883.781228,11.15297318,76.50154114,16.47774124,64536.20763,20.16401968,81.79268293,9131761,69.22653583,7197.705928,55,132,7374.332977,65694.45915,19.78975092,16.29116058,77.11503601,68.99808513,3.988984047,4.007333185,8.881517633,8.905760733,11.0749817,11.09276987
BEL,2010,Belgium,Europe & Central Asia,High income,217,147,70,4170.410969,10.41325188,74.6603775,21.3692112,56240.20309,17.11726346,80.18292683,10895586,84.97193096,5856.434006,,,5826.441534,55258.7071,17.09932516,21.65153122,74.39575958,84.70258011,4.248495242,,8.675296166,8.670161722,10.93738714,10.9197812
BEL,2011,Belgium,Europe & Central Asia,High income,212,144,68,4309.525135,10.41302204,75.24178314,20.56370926,56585.3025,17.25106051,80.58536585,11038264,85.2349607,5892.240021,70,147,5856.434006,56240.20309,17.11726346,21.3692112,74.6603775,84.97193096,4.219507705,4.248495242,8.681391513,8.675296166,10.94350456,10.93738714
BEL,2012,Belgium,Europe & Central Asia,High income,209,142,67,4510.138658,10.5865345,75.51134491,20.42929077,56356.82513,17.48942923,80.38536585,11106932,85.49154038,5966.234735,68,144,5892.240021,56585.3025,17.25106051,20.56370926,75.24178314,85.2349607,4.204692619,4.219507705,8.69387131,8.681391513,10.93945863,10.94350456
BEL,2013,Belgium,Europe & Central Asia,High income,204,138,66,4675.189667,10.63787556,75.19477844,20.55278015,56263.17527,17.72038165,80.58780488,11159407,85.74154102,5985.206571,67,142,5966.234735,56356.82513,17.48942923,20.42929077,75.51134491,85.49154038,4.189654742,4.204692619,8.697046132,8.69387131,10.93779552,10.93945863
BEL,2014,Belgium,Europe & Central Asia,High income,194,133,61,4806.927479,10.62032604,75.65394592,20.00829506,57002.90922,17.96215098,81.28780488,11209057,85.98483367,6053.894811,66,138,5985.206571,56263.17527,17.72038165,20.55278015,75.19477844,85.74154102,4.110873864,4.189654742,8.708457114,8.697046132,10.95085758,10.93779552
BEL,2015,Belgium,Europe & Central Asia,High income,193,133,60,5032.23018,10.88387299,75.96764374,19.43956184,57509.02457,18.16370947,80.99268293,11274196,86.22128935,6259.209192,61,133,6053.894811,57002.90922,17.96215098,20.00829506,75.65394592,85.98483367,4.094344562,4.110873864,8.741809129,8.708457114,10.95969716,10.95085758
BEL,2016,Belgium,Europe & Central Asia,High income,185,127,58,5285.85297,10.89833736,76.30649567,18.9411087,57901.49769,18.35666618,81.43902439,11331422,86.4507791,6310.300555,60,133,6259.209192,57509.02457,18.16370947,19.43956184,75.96764374,86.22128935,4.060443011,4.094344562,8.749938586,8.741809129,10.96649853,10.95969716
BEL,2017,Belgium,Europe & Central Asia,High income,180,123,57,5509.57633,10.94042683,76.02700043,19.12564468,58529.3303,18.58490343,81.49268293,11375158,86.67317395,6403.358555,58,127,6310.300555,57901.49769,18.35666618,18.9411087,76.30649567,86.4507791,4.043051268,4.060443011,8.764577906,8.749938586,10.97728328,10.96649853
BEL,2018,Belgium,Europe & Central Asia,High income,178,121,57,5782.490562,10.9937973,75.75689697,19.3741951,59357.68969,18.808621,81.59512195,11427054,86.88834495,6525.664086,57,123,6403.358555,58529.3303,18.58490343,19.12564468,76.02700043,86.67317395,4.043051268,4.043051268,8.783498003,8.764577906,10.99133696,10.97728328
BEL,2019,Belgium,Europe & Central Asia,High income,170,117,53,6176.005932,10.85831451,74.45122528,20.59959984,60479.977,19.02983808,81.99512195,11488980,87.09616312,6567.106118,57,121,6525.664086,59357.68969,18.808621,19.3741951,75.75689697,86.88834495,3.970291914,4.043051268,8.789828545,8.783498003,11.01006763,10.99133696
BEL,2020,Belgium,Europe & Central Asia,High income,195,144,51,6441.806807,11.46253014,76.12084961,19.30308533,57333.54241,19.22402019,80.69512195,11538604,87.2964995,6571.87458,53,117,6567.106118,60479.977,19.02983808,20.59959984,74.45122528,87.09616312,3.931825633,3.970291914,8.790554395,8.789828545,10.95664111,11.01006763
BEL,2021,Belgium,Europe & Central Asia,High income,184,134,50,6867.12065,11.28825092,75.2164917,20.34373283,60669.21377,19.45205205,81.7902439,11586195,87.43055641,6848.493082,51,144,6571.87458,57333.54241,19.22402019,19.30308533,76.12084961,87.2964995,3.912023005,3.931825633,8.831783919,8.790554395,11.01319166,10.95664111
BEL,2022,Belgium,Europe & Central Asia,High income,174,124,50,7359.424845,10.73976326,73.89453125,21.40806961,62602.92705,19.76719276,81.74878049,11680210,87.48920027,6723.406159,50,134,6848.493082,60669.21377,19.45205205,20.34373283,75.2164917,87.43055641,3.912023005,3.912023005,8.813350174,8.831783919,11.04456731,11.01319166
BEL,2023,Belgium,Europe & Central Asia,High income,,,,7489.311799,10.80371571,73.65628815,21.50983047,63042.00999,20.14527495,82.4,11779946,87.55149264,6810.879537,50,124,6723.406159,62602.92705,19.76719276,21.40806961,73.89453125,87.48920027,,3.912023005,8.826276545,8.813350174,11.05155661,11.04456731
BGR,2010,Bulgaria,Europe & Central Asia,High income,386,212,174,1057.350858,7.09477949,55.24332809,43.14134216,21724.28635,18.14722857,73.51219512,7395599,71.51493073,1541.290212,,,1401.682679,21251.21686,17.90951443,44.3673439,53.8040123,71.30173492,5.159055299,,7.340375145,7.245428707,9.9861861,9.964169437
BGR,2011,Bulgaria,Europe & Central Asia,High income,365,201,164,1115.256239,7.10250568,54.13435745,44.46372604,22321.03317,18.51908361,74.16341463,7348328,72.61016539,1585.352649,174,212,1541.290212,21724.28635,18.14722857,43.14134216,55.24332809,71.51493073,5.099866428,5.159055299,7.368562153,7.340375145,10.0132847,9.9861861
BGR,2012,Bulgaria,Europe & Central Asia,High income,382,211,171,1227.332965,7.53903675,50.79977798,47.7468071,22618.81043,18.94926803,74.31463415,7305888,72.76848602,1705.240431,164,201,1585.352649,22321.03317,18.51908361,44.46372604,54.13435745,72.61016539,5.141663557,5.099866428,7.441461395,7.368562153,10.02653716,10.0132847
BGR,2013,Bulgaria,Europe & Central Asia,High income,357,198,159,1199.374306,7.14167452,56.56290817,41.86244583,22954.3964,19.35469395,74.86097561,7160005,72.96328216,1639.328279,171,211,1705.240431,22618.81043,18.94926803,47.7468071,50.79977798,72.76848602,5.068904202,5.141663557,7.402041851,7.441461395,10.04126476,10.02653716
BGR,2014,Bulgaria,Europe & Central Asia,High income,370,203,167,1373.722715,7.68306208,58.23860168,40.24094009,23455.483,19.77573872,74.46585366,7073572,73.08448792,1802.09932,159,198,1639.328279,22954.3964,19.35469395,41.86244583,56.56290817,72.96328216,5.117993812,5.068904202,7.496707553,7.402041851,10.06285956,10.04126476
BGR,2015,Bulgaria,Europe & Central Asia,High income,366,203,163,1388.450766,7.39363575,55.89729691,42.50993729,24562.64888,20.20978146,74.61463415,6984225,73.10305786,1816.072789,167,203,1802.09932,23455.483,19.77573872,40.24094009,58.23860168,73.08448792,5.093750201,5.117993812,7.50443164,7.496707553,10.10898223,10.06285956
BGR,2016,Bulgaria,Europe & Central Asia,High income,353,192,161,1537.638861,7.45975018,55.13334656,43.25471497,25636.74439,20.57605163,74.81219512,6894139,73.17500305,1912.437086,163,203,1816.072789,24562.64888,20.20978146,42.50993729,55.89729691,73.10305786,5.081404365,5.093750201,7.556133669,7.50443164,10.15178193,10.10898223
BGR,2017,Bulgaria,Europe & Central Asia,High income,349,190,159,1661.717638,7.49624491,54.93418884,42.19384384,26691.758,20.86995578,74.81463415,6803468,73.39045715,2000.879551,161,192,1912.437086,25636.74439,20.57605163,43.25471497,55.13334656,73.17500305,5.068904202,5.081404365,7.601342138,7.556133669,10.19211011,10.15178193
BGR,2018,Bulgaria,Europe & Central Asia,High income,344,188,156,1753.563277,7.34086275,57.6365242,39.32843781,27690.89366,21.17088797,74.96341463,6710798,73.6002121,2032.750497,159,190,2000.879551,26691.758,20.86995578,42.19384384,54.93418884,73.39045715,5.049856007,5.068904202,7.61714508,7.601342138,10.22885889,10.19211011
BGR,2019,Bulgaria,Europe & Central Asia,High income,348,192,156,1895.136294,7.11813641,59.1558342,37.79553986,29149.92151,21.47945894,75.11219512,6616726,73.7162323,2074.931176,156,188,2032.750497,27690.89366,21.17088797,39.32843781,57.6365242,73.6002121,5.049856007,5.049856007,7.637683264,7.61714508,10.2802075,10.22885889
BGR,2020,Bulgaria,Europe & Central Asia,High income,436,261,175,2304.218317,8.44060898,59.84018707,35.52528763,28521.20625,21.6867893,73.35609756,6550696,73.32398987,2407.363496,156,192,2074.931176,29149.92151,21.47945894,37.79553986,59.1558342,73.7162323,5.164785974,5.049856007,7.786287442,7.637683264,10.25840317,10.2802075
BGR,2021,Bulgaria,Europe & Central Asia,High income,562,378,184,2647.592539,8.58048916,64.38867188,33.72874832,30958.98302,21.70322174,71.21219512,6507301,73.34676562,2656.432182,175,261,2407.363496,28521.20625,21.6867893,35.52528763,59.84018707,73.32398987,5.214935758,5.164785974,7.884739217,7.786287442,10.34041848,10.25840317
BGR,2022,Bulgaria,Europe & Central Asia,High income,389,228,161,2728.524365,7.63849449,62.54858398,35.07592392,32433.65876,21.69729722,74.16097561,6465097,73.4799164,2477.443237,184,378,2656.432182,30958.98302,21.70322174,33.72874832,64.38867188,73.34676562,5.081404365,5.214935758,7.814982355,7.884739217,10.38695201,10.34041848
BGR,2023,Bulgaria,Europe & Central Asia,High income,334,182,152,2969.551518,7.91853094,62.81087875,35.50430679,33073.68031,21.83243834,75.75609756,6446596,73.73226716,2618.949608,161,228,2477.443237,32433.65876,21.69729722,35.07592392,62.54858398,73.4799164,5.023880521,5.081404365,7.870528604,7.814982355,10.40649309,10.38695201
BRA,2010,Brazil,Latin America & Caribbean ,Upper middle income,378,224,154,1148.212833,7.94516611,45.02125168,29.38520432,18062.15811,6.666886093,73.779,193701929,84.34384604,1435.068465,,,1422.033013,16939.44078,6.464255362,31.21031952,44.16326523,84.06983803,5.036952602,,7.268967838,7.259842826,9.801574317,9.737399956
BRA,2011,Brazil,Latin America & Caribbean ,Upper middle income,376,222,154,1184.723457,7.78819132,44.49915695,29.29958534,18627.81045,6.882000293,74.047,195284734,84.62257586,1450.769517,154,224,1435.068465,18062.15811,6.666886093,29.38520432,45.02125168,84.34384604,5.036952602,5.036952602,7.279849396,7.268967838,9.832410929,9.801574317
BRA,2012,Brazil,Latin America & Caribbean ,Upper middle income,367,218,149,1175.781296,7.73637724,43.36180878,29.68202972,18832.21955,7.114766689,74.335,196876111,84.89738742,1456.931547,154,222,1450.769517,18627.81045,6.882000293,29.29958534,44.49915695,84.62257586,5.003946306,5.036952602,7.284087823,7.279849396,9.843324488,9.832410929
BRA,2013,Brazil,Latin America & Caribbean ,Upper middle income,364,215,149,1254.107885,7.9766016,44.51945496,28.17706871,19241.50598,7.370284831,74.609,198478299,85.16765854,1534.818274,149,218,1456.931547,18832.21955,7.114766689,29.68202972,43.36180878,84.89738742,5.003946306,5.003946306,7.336167265,7.284087823,9.864824995,9.843324488
BRA,2014,Brazil,Latin America & Caribbean ,Upper middle income,357,211,146,1328.93067,8.39644146,44.05274582,28.18024635,19183.17274,7.65357587,74.823,200085127,85.43313679,1610.70387,149,215,1534.818274,19241.50598,7.370284831,28.17706871,44.51945496,85.16765854,4.983606622,5.003946306,7.384426549,7.336167265,9.861788754,9.864824995
BRA,2015,Brazil,Latin America & Caribbean ,Upper middle income,352,206,146,1320.486495,8.90929985,43.25779724,24.70735931,18357.06906,7.956807324,75.106,201675532,85.69356971,1635.486326,146,211,1610.70387,19183.17274,7.65357587,28.18024635,44.05274582,85.43313679,4.983606622,4.983606622,7.399695486,7.384426549,9.817770014,9.861788754
BRA,2016,Brazil,Latin America & Caribbean ,Upper middle income,355,207,148,1312.01326,9.16901684,43.05799484,24.42057228,17620.92724,8.268573953,75.081,203218114,85.94870484,1615.665786,146,206,1635.486326,18357.06906,7.956807324,24.70735931,43.25779724,85.69356971,4.997212274,4.983606622,7.387502402,7.399695486,9.776842523,9.817770014
BRA,2017,Brazil,Latin America & Caribbean ,Upper middle income,345,202,143,1378.923933,9.47125053,41.73843765,24.46793365,17724.47996,8.591652915,75.383,204703445,86.19828976,1678.729902,148,207,1615.665786,17620.92724,8.268573953,24.42057228,43.05799484,85.94870484,4.96284463,4.997212274,7.425792776,7.387502402,9.782702011,9.776842523
BRA,2018,Brazil,Latin America & Caribbean ,Upper middle income,336,195,141,1463.604592,9.46475029,41.09186554,24.82529449,17917.74921,8.927850215,75.633,206107261,86.44207199,1695.870221,143,202,1678.729902,17724.47996,8.591652915,24.46793365,41.73843765,86.19828976,4.94875989,4.96284463,7.435951293,7.425792776,9.793547077,9.782702011
BRA,2019,Brazil,Latin America & Caribbean ,Upper middle income,329,189,140,1545.033211,9.61449146,40.74080658,24.87984657,18018.62092,9.273074349,75.809,207455459,86.67979911,1732.398769,141,195,1695.870221,17917.74921,8.927850215,24.82529449,41.09186554,86.44207199,4.941642423,4.94875989,7.457262299,7.435951293,9.799160997,9.793547077
BRA,2020,Brazil,Latin America & Caribbean ,Upper middle income,392,259,133,1549.501404,9.62326527,43.35228729,26.09086418,17327.51572,9.598664876,74.506,208660842,86.91121865,1667.472803,140,189,1732.398769,18018.62092,9.273074349,24.87984657,40.74080658,86.67979911,4.890349128,4.941642423,7.419064468,7.457262299,9.760051021,9.799160997
BRA,2021,Brazil,Latin America & Caribbean ,Upper middle income,494,356,138,1741.859013,9.63646507,44.69211197,25.26789093,18075.706,9.91109991,73.038,209550294,87.13607817,1741.859095,133,259,1667.472803,17327.51572,9.598664876,26.09086418,43.35228729,86.91121865,4.927253685,4.890349128,7.462708267,7.419064468,9.802324106,9.760051021
BRA,2022,Brazil,Latin America & Caribbean ,Upper middle income,343,203,140,1865.918614,9.38739491,45.37672043,27.25102234,18554.04618,10.25178478,74.872,210306415,87.34955624,1741.741587,138,356,1741.859095,18075.706,9.91109991,25.26789093,44.69211197,87.13607817,4.941642423,4.927253685,7.462640804,7.462708267,9.828443167,9.802324106
BRA,2023,Brazil,Latin America & Caribbean ,Upper middle income,321,184,137,2070.438227,9.73092747,44.12654495,26.23070717,19079.81221,10.63363147,75.848,211140729,87.61597102,1856.642688,140,203,1741.741587,18554.04618,10.25178478,27.25102234,45.37672043,87.34955624,4.919980926,4.941642423,7.526525129,7.462640804,9.856386103,9.828443167
CAN,2010,Canada,North America,High income,202,133,69,4266.820147,10.70066547,69.93270111,15.61454868,52558.42006,14.10940235,81.32219512,34005902,81.01208923,5624.100707,,,5518.182141,51552.40203,13.8518497,15.17220497,70.28063965,80.85918389,4.234106505,,8.63481634,8.615803763,10.86968059,10.85035408
CAN,2011,Canada,North America,High income,195,128,67,4308.382381,10.40518665,70.28151703,15.16354275,53681.10848,14.42968082,81.48268293,34339221,81.10314254,5585.619533,69,133,5624.100707,52558.42006,14.10940235,15.61454868,69.93270111,81.01208923,4.204692619,4.234106505,8.627950633,8.63481634,10.89081642,10.86968059
CAN,2012,Canada,North America,High income,194,128,66,4431.170476,10.5407114,70.56304932,14.99191856,54034.78217,14.82069906,81.66365854,34713395,81.15134832,5695.650444,67,128,5585.619533,53681.10848,14.42968082,15.16354275,70.28151703,81.10314254,4.189654742,4.204692619,8.647458083,8.627950633,10.89738323,10.89081642
CAN,2013,Canada,North America,High income,193,128,65,4595.24553,10.43559265,70.95859528,14.56241226,54712.15686,15.22868879,81.74487805,35080992,81.18343996,5709.53782,66,128,5695.650444,54034.78217,14.82069906,14.99191856,70.56304932,81.15134832,4.17438727,4.189654742,8.649893357,8.647458083,10.90984121,10.89738323
CAN,2014,Canada,North America,High income,191,127,64,4678.03426,10.28115654,70.79786682,14.71277905,55723.46157,15.62324418,81.78439024,35434066,81.21118316,5729.016313,65,128,5709.53782,54712.15686,15.22868879,14.56241226,70.95859528,81.18343996,4.158883083,4.17438727,8.653299122,8.649893357,10.92815655,10.90984121
CAN,2015,Canada,North America,High income,188,125,63,4773.748151,10.76397896,70.89169312,14.70200253,55660.84558,16.01019976,81.82585366,35704498,81.24656703,5991.321708,64,127,5729.016313,55723.46157,15.62324418,14.71277905,70.79786682,81.21118316,4.143134726,4.158883083,8.698067319,8.653299122,10.92703223,10.92815655
CAN,2016,Canada,North America,High income,189,127,62,5103.646659,11.05626965,69.89000702,15.60679913,55606.13299,16.38810219,81.94,36110803,81.30230111,6147.964006,63,125,5991.321708,55660.84558,16.01019976,14.70200253,70.89169312,81.24656703,4.127134385,4.143134726,8.72387625,8.698067319,10.92604878,10.92703223
CAN,2017,Canada,North America,High income,189,128,61,5240.519407,10.9242115,69.6550293,15.82835293,56612.30622,16.75821369,81.80780488,36545075,81.40189458,6184.448066,62,127,6147.964006,55606.13299,16.38810219,15.60679913,69.89000702,81.30230111,4.110873864,4.127134385,8.729793043,8.72387625,10.94398166,10.92604878
CAN,2018,Canada,North America,High income,185,126,59,5426.863253,10.92262077,69.62247467,15.56946564,57337.46829,17.12968131,81.80365854,37072620,81.55003416,6262.75422,61,128,6184.448066,56612.30622,16.75821369,15.82835293,69.6550293,81.40189458,4.077537444,4.110873864,8.742375339,8.729793043,10.95670959,10.94398166
CAN,2019,Canada,North America,High income,180,121,59,5554.963525,11.04823494,69.53730774,15.42836094,57583.82307,17.53185952,82.15853659,37618495,81.7363672,6361.996061,59,126,6262.75422,57337.46829,17.12968131,15.56946564,69.62247467,81.55003416,4.077537444,4.077537444,8.758097453,8.742375339,10.96099696,10.95670959
CAN,2020,Canada,North America,High income,194,134,60,6301.472782,13.01732922,73.86582947,13.6503973,54092.85769,17.98540848,81.53,38028638,81.95098887,7041.44537,59,121,6361.996061,57583.82307,17.53185952,15.42836094,69.53730774,81.7363672,4.094344562,4.077537444,8.859568736,8.758097453,10.89845744,10.96099696
CAN,2021,Canada,North America,High income,199,141,58,7017.308726,12.38106632,72.70556641,14.22434807,56995.0952,18.48225923,81.45146341,38239864,82.17792791,7056.600536,60,134,7041.44537,54092.85769,17.98540848,13.6503973,73.86582947,81.95098887,4.060443011,4.094344562,8.861718704,8.859568736,10.95072049,10.89845744
CAN,2022,Canada,North America,High income,198,137,61,7066.049773,11.08119678,70.996521,14.96067905,58583.12999,18.94074713,81.09487805,38950132,82.35008974,6491.711914,58,141,7056.600536,56995.0952,18.48225923,14.22434807,72.70556641,82.17792791,4.110873864,4.060443011,8.778281552,8.861718704,10.97820205,10.95072049
CAN,2023,Canada,North America,High income,183,124,59,7355.355315,11.18692875,70.30995178,15.20306873,58088.37781,19.35811922,81.62634146,40049088,82.52505644,6498.305437,61,137,6491.711914,58583.12999,18.94074713,14.96067905,70.996521,82.35008974,4.077537444,4.110873864,8.77929672,8.778281552,10.96972089,10.97820205
CHE,2010,Switzerland,Europe & Central Asia,High income,158,104,54,5437.631005,9.9907856,33.22049713,24.06636429,76308.80645,16.82963819,82.24634146,7824909,73.60867164,7623.849247,,,7572.961983,74672.95127,16.62589199,26.20129585,32.14887238,73.57412309,3.988984047,,8.939036672,8.932339549,11.24254363,11.22087321
CHE,2011,Switzerland,Europe & Central Asia,High income,152,101,51,5807.663308,10.10393143,33.63292694,23.55637932,76527.33615,17.05082962,82.69512195,7912398,73.65058749,7732.26957,54,104,7623.849247,76308.80645,16.82963819,24.06636429,33.22049713,73.60867164,3.931825633,3.988984047,8.953157704,8.939036672,11.24540329,11.24254363
CHE,2012,Switzerland,Europe & Central Asia,High income,149,101,48,6141.698281,10.33511066,34.36406326,23.35357285,76570.2379,17.3026343,82.69756098,7996861,73.75226296,7913.618819,51,101,7732.26957,76527.33615,17.05082962,23.55637932,33.63292694,73.65058749,3.871201011,3.931825633,8.976340455,8.953157704,11.24596374,11.24540329
CHE,2013,Switzerland,Europe & Central Asia,High income,147,100,47,6530.662381,10.59444523,33.50490189,22.77101326,77084.66565,17.52054886,82.79756098,8089346,74.11213848,8166.692683,48,101,7913.618819,76570.2379,17.3026343,23.35357285,34.36406326,73.75226296,3.850147602,3.871201011,9.007819293,8.976340455,11.25265965,11.24596374
CHE,2014,Switzerland,Europe & Central Asia,High income,141,95,46,6768.53337,10.6751194,33.63508606,22.61392593,78086.68052,17.71422812,83.19756098,8188649,74.74026791,8335.846382,47,100,8166.692683,77084.66565,17.52054886,22.77101326,33.50490189,74.11213848,3.828641396,3.850147602,9.028320336,9.007819293,11.26557478,11.25265965
CHE,2015,Switzerland,Europe & Central Asia,High income,140,95,45,7166.586376,10.97983074,33.44560242,22.04629517,78325.74874,17.88935668,82.89756098,8282396,75.60449601,8600.034638,46,95,8335.846382,78086.68052,17.71422812,22.61392593,33.63508606,74.74026791,3.80666249,3.828641396,9.05952151,9.028320336,11.26863168,11.26557478
CHE,2016,Switzerland,Europe & Central Asia,High income,134,91,43,7543.55137,11.20248795,33.59130478,21.27206993,78956.06673,18.03858935,83.60243902,8373338,76.67266758,8845.043861,45,95,8600.034638,78325.74874,17.88935668,22.04629517,33.44560242,75.60449601,3.761200116,3.80666249,9.087612565,9.05952151,11.27664686,11.26863168
CHE,2017,Switzerland,Europe & Central Asia,High income,131,89,42,7755.177274,11.37471581,33.54653168,21.55899429,79333.74378,18.20047558,83.55121951,8451840,77.91262737,9023.987897,43,91,8845.043861,78956.06673,18.03858935,21.27206993,33.59130478,76.67266758,3.737669618,3.761200116,9.107641632,9.087612565,11.28141884,11.27664686
CHE,2018,Switzerland,Europe & Central Asia,High income,130,89,41,7914.504179,11.19891071,33.51978683,21.94914818,81371.89441,18.38758402,83.75365854,8514329,79.29222016,9112.765798,42,89,9023.987897,79333.74378,18.20047558,21.55899429,33.54653168,77.91262737,3.713572067,3.737669618,9.117431544,9.107641632,11.30678521,11.28141884
CHE,2019,Switzerland,Europe & Central Asia,High income,124,84,40,8422.360208,11.42588997,33.5100174,21.8964119,81694.63065,18.58214562,83.90487805,8575280,80.77929073,9334.33861,41,89,9112.765798,81371.89441,18.38758402,21.94914818,33.51978683,79.29222016,3.688879454,3.713572067,9.141455203,9.117431544,11.31074356,11.30678521
CHE,2020,Switzerland,Europe & Central Asia,High income,133,94,39,8749.707916,11.98960876,35.73272705,20.72429276,79270.87137,18.75153889,83,8638167,82.34168385,9504.267338,40,84,9334.33861,81694.63065,18.58214562,21.8964119,33.5100174,80.77929073,3.663561646,3.688879454,9.15949617,9.141455203,11.28062602,11.31074356
CHE,2021,Switzerland,Europe & Central Asia,High income,131,94,37,9683.842518,11.95855618,35.66999054,21.35904694,83524.98329,18.92802977,83.75121951,8704546,84.20064776,9988.382051,39,94,9504.267338,79270.87137,18.75153889,20.72429276,35.73272705,82.34168385,3.610917913,3.663561646,9.209177902,9.15949617,11.33290107,11.28062602
CHE,2022,Switzerland,Europe & Central Asia,High income,124,86,38,10574.84041,11.59911823,34.87789536,21.74333382,85762.28292,19.21866495,83.60487805,8777088,84.92062663,9947.668592,37,94,9988.382051,83524.98329,18.92802977,21.35904694,35.66999054,84.20064776,3.63758616,3.610917913,9.20509349,9.209177902,11.3593346,11.33290107
CHE,2023,Switzerland,Europe & Central Asia,High income,116,81,35,10601.93318,11.69096088,33.08256912,22.02737427,85383.35645,19.61138084,84.15609756,8888822,85.18542127,9982.134801,38,86,9947.668592,85762.28292,19.21866495,21.74333382,34.87789536,84.92062663,3.555348061,3.63758616,9.208552254,9.20509349,11.35490647,11.3593346
CHL,2010,Chile,Latin America & Caribbean ,High income,256,161,95,1221.925928,6.81958389,47.10449982,34.46762848,24122.47879,9.997663761,79.095,17181464,86.95601356,1645.052678,,,1668.941468,23019.02995,9.803080066,34.58893585,46.86124802,86.91248973,4.553876892,,7.405527686,7.419944853,10.09089941,10.04407654
CHL,2011,Chile,Latin America & Caribbean ,High income,240,152,88,1368.168899,6.79947519,47.15742111,34.49925995,25372.27415,10.20350003,79.236,17351816,87.01091647,1725.181486,95,161,1645.052678,24122.47879,9.997663761,34.46762848,47.10449982,86.95601356,4.477336814,4.553876892,7.453087533,7.405527686,10.14141229,10.09089941
CHL,2012,Chile,Latin America & Caribbean ,High income,238,150,88,1499.801496,7.01951265,47.93560791,33.40764236,26676.81102,10.42699407,79.221,17519119,87.08249437,1872.582124,88,152,1725.181486,25372.27415,10.20350003,34.49925995,47.15742111,87.01091647,4.477336814,4.477336814,7.535073572,7.453087533,10.19154997,10.14141229
CHL,2013,Chile,Latin America & Caribbean ,High income,236,146,90,1659.646658,7.47552681,47.6493454,33.63830948,27297.81851,10.67875449,79.551,17687006,87.18277777,2040.655742,88,150,1872.582124,26676.81102,10.42699407,33.40764236,47.93560791,87.08249437,4.49980967,4.477336814,7.621026477,7.535073572,10.21456207,10.19154997
CHL,2014,Chile,Latin America & Caribbean ,High income,234,144,90,1768.542252,7.84150171,47.73588562,34.26873016,27511.561,10.95457702,79.714,17864195,87.31337015,2157.319527,90,146,2040.655742,27297.81851,10.67875449,33.63830948,47.6493454,87.18277777,4.49980967,4.49980967,7.67662177,7.621026477,10.2223616,10.21456207
CHL,2015,Chile,Latin America & Caribbean ,High income,229,142,87,1875.545974,8.3513937,48.01672745,34.50925446,27817.95848,11.24965719,80.008,18047625,87.46533203,2323.187232,90,144,2157.319527,27511.561,10.95457702,34.26873016,47.73588562,87.31337015,4.465908119,4.49980967,7.750695329,7.67662177,10.23343708,10.2223616
CHL,2016,Chile,Latin America & Caribbean ,High income,219,136,83,1990.215049,8.55767059,49.65286255,34.75082779,27965.34735,11.54489751,80.295,18267221,87.63062906,2393.182306,87,142,2323.187232,27817.95848,11.24965719,34.50925446,48.01672745,87.46533203,4.418840608,4.465908119,7.780379268,7.750695329,10.23872143,10.23343708
CHL,2017,Chile,Latin America & Caribbean ,High income,210,129,81,2208.561774,9.090518,50.39948273,33.30509567,27899.59798,11.81308342,80.61,18558868,87.80002958,2536.217976,83,136,2393.182306,27965.34735,11.54489751,34.75082779,49.65286255,87.63062906,4.394449155,4.418840608,7.838429265,7.780379268,10.23636756,10.23872143
CHL,2018,Chile,Latin America & Caribbean ,High income,200,121,79,2315.518114,9.15040398,51.24023056,32.69705963,28499.4064,12.06365828,80.559,18893191,87.96204938,2607.810818,81,129,2536.217976,27899.59798,11.81308342,33.30509567,50.39948273,87.80002958,4.369447852,4.394449155,7.866266381,7.838429265,10.25763854,10.23636756
CHL,2019,Chile,Latin America & Caribbean ,High income,202,121,81,2384.373789,9.30968475,51.2644577,32.34170532,28227.97905,12.32606029,80.324,19197744,88.12736856,2627.935861,79,121,2607.810818,28499.4064,12.06365828,32.69705963,51.24023056,87.96204938,4.394449155,4.369447852,7.873953973,7.866266381,10.24806893,10.25763854
CHL,2020,Chile,Latin America & Caribbean ,High income,245,170,75,2458.360638,9.69734573,56.51040649,29.04245186,26258.40386,12.62681574,79.349,19370624,88.29534904,2546.368205,81,121,2627.935861,28227.97905,12.32606029,32.34170532,51.2644577,88.12736856,4.317488114,4.394449155,7.84242339,7.873953973,10.17574136,10.24806893
CHL,2021,Chile,Latin America & Caribbean ,High income,266,190,76,2828.843009,9.72450161,53.66268158,32.63452148,29106.63565,12.95643362,78.876,19456334,88.46605117,2830.475253,75,170,2546.368205,26258.40386,12.62681574,29.04245186,56.51040649,88.29534904,4.33073334,4.317488114,7.94819991,7.84242339,10.27872146,10.17574136
CHL,2022,Chile,Latin America & Caribbean ,High income,229,151,78,3083.67091,10.0053072,50.87598801,35.5993309,29560.45138,13.30008002,79.176,19553036,88.63953528,2957.61397,76,190,2830.475253,29106.63565,12.95643362,32.63452148,53.66268158,88.46605117,4.356708827,4.33073334,7.992138131,7.94819991,10.29419264,10.27872146
CHL,2023,Chile,Latin America & Caribbean ,High income,194,116,78,3337.443376,10.17470455,51.60597992,34.59329987,29600.41886,13.69331906,81.167,19658835,88.81586172,3011.755165,78,151,2957.61397,29560.45138,13.30008002,35.5993309,50.87598801,88.63953528,4.356708827,4.356708827,8.010278299,7.992138131,10.29554379,10.29419264
COL,2010,Colombia,Latin America & Caribbean ,Upper middle income,304,188,116,758.8634465,7.07130194,72.2251358,17.0035553,14037.06427,5.84187164,74.876,44777319,76.72329757,992.6031978,,,993.3743803,13586.75184,5.642509774,18.01454926,72.05204773,76.59641458,4.753590191,,6.900330985,6.901107612,9.549456558,9.516850468
COL,2011,Colombia,Latin America & Caribbean ,Upper middle income,282,173,109,785.9473096,6.78076792,73.49957275,15.31575584,14852.36995,6.057648879,75.18,45259614,76.83900361,1007.104737,116,188,992.6031978,14037.06427,5.84187164,17.0035553,72.2251358,76.72329757,4.691347882,4.753590191,6.914834896,6.900330985,9.605914724,9.549456558
COL,2012,Colombia,Latin America & Caribbean ,Upper middle income,279,170,109,809.0225942,6.74601603,69.86154175,17.85850143,15279.479,6.293792016,75.611,45715810,76.9422112,1030.756103,109,173,1007.104737,14852.36995,6.057648879,15.31575584,73.49957275,76.83900361,4.691347882,4.691347882,6.938047892,6.914834896,9.634265965,9.605914724
COL,2013,Colombia,Latin America & Caribbean ,Upper middle income,272,165,107,890.8294861,7.01724052,69.85743713,17.15289879,15912.24713,6.544631203,75.834,46151584,77.03159882,1116.600653,109,170,1030.756103,15279.479,6.293792016,17.85850143,69.86154175,76.9422112,4.672828834,4.691347882,7.018044218,6.938047892,9.674844351,9.634265965
COL,2014,Colombia,Latin America & Caribbean ,Upper middle income,262,159,103,954.8618299,7.18553209,70.40434265,16.27700996,16480.36315,6.818796911,75.95,46565429,77.10584494,1184.201783,107,165,1116.600653,15912.24713,6.544631203,17.15289879,69.85743713,77.03159882,4.634728988,4.672828834,7.076824225,7.018044218,9.709924839,9.674844351
COL,2015,Colombia,Latin America & Caribbean ,Upper middle income,262,157,105,999.680002,7.52338505,70.83104706,15.40105057,16821.38014,7.109127592,76.067,46969940,77.16362805,1265.537199,103,159,1184.201783,16480.36315,6.818796911,16.27700996,70.40434265,77.10584494,4.65396035,4.634728988,7.143251974,7.076824225,9.730405984,9.709924839
COL,2016,Colombia,Latin America & Caribbean ,Upper middle income,260,155,105,1056.385206,7.53117037,70.32949066,15.61221027,17003.24437,7.388576787,76.228,47437512,77.20362664,1280.543302,105,157,1265.537199,16821.38014,7.109127592,15.40105057,70.83104706,77.16362805,4.65396035,4.65396035,7.155039721,7.143251974,9.74115945,9.730405984
COL,2017,Colombia,Latin America & Caribbean ,Upper middle income,252,151,101,1105.771727,7.67864323,71.04096222,15.36301041,16986.03342,7.65248495,76.418,48131078,77.22451917,1304.296905,105,155,1280.543302,17003.24437,7.388576787,15.61221027,70.32949066,77.20362664,4.615120517,4.65396035,7.173419405,7.155039721,9.740146722,9.74115945
COL,2018,Colombia,Latin America & Caribbean ,Upper middle income,253,150,103,1176.143009,7.71777487,69.8184967,15.04849339,17104.13135,7.913352977,76.579,49024465,77.28048166,1320.058351,101,151,1304.296905,16986.03342,7.65248495,15.36301041,71.04096222,77.22451917,4.634728988,4.615120517,7.18543122,7.173419405,9.747075313,9.740146722
COL,2019,Colombia,Latin America & Caribbean ,Upper middle income,247,148,99,1267.67361,7.83404827,69.91674805,14.750144,17336.7716,8.190322651,76.793,49907985,77.45955285,1358.171056,103,150,1320.058351,17104.13135,7.913352977,15.04849339,69.8184967,77.28048166,4.59511985,4.634728988,7.213894262,7.18543122,9.760585051,9.747075313
COL,2020,Colombia,Latin America & Caribbean ,Upper middle income,328,223,105,1349.785263,8.69751263,71.16055298,14.51514149,15861.49993,8.464125443,74.757,50629997,77.63825335,1379.55596,99,148,1358.171056,17336.7716,8.190322651,14.750144,69.91674805,77.45955285,4.65396035,4.59511985,7.229516958,7.213894262,9.671650064,9.760585051
COL,2021,Colombia,Latin America & Caribbean ,Upper middle income,419,304,115,1589.076137,9.14150524,72.69059753,13.69349289,17383.09017,8.71354982,72.698,51188173,77.83395703,1589.076099,105,223,1379.55596,15861.49993,8.464125443,14.51514149,71.16055298,77.63825335,4.744932128,4.65396035,7.370908057,7.229516958,9.763253184,9.671650064
COL,2022,Colombia,Latin America & Caribbean ,Upper middle income,259,160,99,1570.883912,7.59037256,70.4437561,14.37380219,18458.72095,9.006556281,76.508,51737944,78.04646331,1401.08569,115,304,1589.076099,17383.09017,8.71354982,13.69349289,72.69059753,77.83395703,4.59511985,4.744932128,7.245002708,7.370908057,9.823292218,9.763253184
COL,2023,Colombia,Latin America & Caribbean ,Upper middle income,238,145,93,1708.731338,8.15838146,70.33099365,14.63377953,18406.62423,9.375428036,77.725,52321152,78.27557158,1501.682619,99,160,1401.08569,18458.72095,9.006556281,14.37380219,70.4437561,78.04646331,4.532599493,4.59511985,7.314341504,7.245002708,9.820465892,9.823292218
CRI,2010,Costa Rica,Latin America & Caribbean ,High income,235,137,98,1067.75826,8.02937698,72.31500244,25.38431358,18670.16788,7.370133904,79.354,4555962,71.5081449,1499.098162,,,1410.236466,17941.50191,7.146343019,26.40225029,70.94270325,70.13984695,4.584967479,,7.312618981,7.251512676,9.834682229,9.794871851
CRI,2011,Costa Rica,Latin America & Caribbean ,High income,219,128,91,1137.606946,8.12197781,70.19308472,25.78322983,19264.45665,7.612683583,79.624,4609833,72.84265867,1564.654894,98,137,1499.098162,18670.16788,7.370133904,25.38431358,72.31500244,71.5081449,4.510859507,4.584967479,7.355420564,7.312618981,9.866017052,9.834682229
CRI,2012,Costa Rica,Latin America & Caribbean ,High income,212,123,89,1153.185062,7.78642273,70.68045807,24.5027504,19970.6856,7.871574498,79.925,4663934,73.38950207,1555.002003,91,128,1564.654894,19264.45665,7.612683583,25.78322983,70.19308472,72.84265867,4.48863637,4.510859507,7.349232113,7.355420564,9.902020757,9.866017052
CRI,2013,Costa Rica,Latin America & Caribbean ,High income,208,121,87,1192.543667,7.68229342,71.00035858,23.22566605,20242.29386,8.152661484,80.189,4716147,73.94317762,1555.07241,89,123,1555.002003,19970.6856,7.871574498,24.5027504,70.68045807,73.38950207,4.465908119,4.48863637,7.349277389,7.349232113,9.91552945,9.902020757
CRI,2014,Costa Rica,Latin America & Caribbean ,High income,209,120,89,1274.354042,7.66376209,71.02149963,24.41330528,20735.19273,8.451278435,80.231,4767119,74.48669632,1589.095839,87,121,1555.07241,20242.29386,8.152661484,23.22566605,71.00035858,73.94317762,4.48863637,4.465908119,7.370920479,7.349277389,9.939587667,9.91552945
CRI,2015,Costa Rica,Latin America & Caribbean ,High income,213,126,87,1343.159499,7.59196186,72.70618439,22.59923172,21265.31763,8.758969029,80.407,4818038,75.01981958,1614.454804,89,120,1589.095839,20735.19273,8.451278435,24.41330528,71.02149963,74.48669632,4.465908119,4.48863637,7.386752596,7.370920479,9.964832744,9.939587667
CRI,2016,Costa Rica,Latin America & Caribbean ,High income,218,129,89,1405.038682,7.31724358,73.32389069,22.20295334,21936.46606,9.074876246,79.988,4866998,75.54230881,1605.144654,87,126,1614.454804,21265.31763,8.758969029,22.59923172,72.70618439,75.01981958,4.48863637,4.465908119,7.380969159,7.386752596,9.995905648,9.964832744
CRI,2017,Costa Rica,Latin America & Caribbean ,High income,212,122,90,1444.225973,7.04522991,73.50926971,21.25539017,22633.76487,9.400027721,79.994,4913177,76.05392543,1594.600772,89,129,1605.144654,21936.46606,9.074876246,22.20295334,73.32389069,75.54230881,4.49980967,4.48863637,7.374378684,7.380969159,10.02719809,9.995905648
CRI,2018,Costa Rica,Latin America & Caribbean ,High income,219,126,93,1566.320427,7.28587723,72.39395142,22.4164257,23069.86222,9.742219259,80.09,4957818,76.55443084,1680.841839,90,122,1594.600772,22633.76487,9.400027721,21.25539017,73.50926971,76.05392543,4.532599493,4.49980967,7.427050041,7.374378684,10.04628238,10.02719809
CRI,2019,Costa Rica,Latin America & Caribbean ,High income,239,136,103,1685.411202,7.2212491,72.53588104,22.32456398,23496.82946,10.10547242,80.296,4999553,77.04358647,1696.764586,93,126,1680.841839,23069.86222,9.742219259,22.4164257,72.39395142,76.55443084,4.634728988,4.532599493,7.436478532,7.427050041,10.06462077,10.04628238
CRI,2020,Costa Rica,Latin America & Caribbean ,High income,239,149,90,1729.415773,7.82545757,71.80640411,20.28676224,22368.13781,10.48509034,79.725,5034320,77.52115373,1750.409133,103,136,1696.764586,23496.82946,10.10547242,22.32456398,72.53588104,77.04358647,4.49980967,4.634728988,7.46760483,7.436478532,10.01539281,10.06462077
CRI,2021,Costa Rica,Latin America & Caribbean ,High income,302,209,93,1815.518893,7.61130476,70.3404007,20.51704597,24083.59882,10.86537269,78.05,5059988,77.98689402,1833.076103,90,149,1750.409133,22368.13781,10.48509034,20.28676224,71.80640411,77.52115373,4.532599493,4.49980967,7.513750765,7.46760483,10.08928634,10.01539281
CRI,2022,Costa Rica,Latin America & Caribbean ,High income,241,147,94,1862.351244,7.18368196,68.95672607,22.43504333,25290.00875,11.26206262,79.316,5081765,78.44056876,1816.753796,93,209,1833.076103,24083.59882,10.86537269,20.51704597,70.3404007,77.98689402,4.543294782,4.532599493,7.504806559,7.513750765,10.13816469,10.08928634
CRI,2023,Costa Rica,Latin America & Caribbean ,High income,245,144,101,1927.743185,6.8663702,67.15689087,24.12618256,26378.54099,11.71884265,80.799,5105525,78.88193936,1811.248278,94,147,1816.753796,25290.00875,11.26206262,22.43504333,68.95672607,78.44056876,4.615120517,4.543294782,7.501771543,7.504806559,10.18030612,10.13816469
CZE,2010,Czechia,Europe & Central Asia,High income,320,190,130,2108.162854,7.47836781,84.88095856,13.85482121,39097.38862,15.45900241,77.42439024,10474410,73.34955992,2923.846525,,,2773.424583,38175.14228,15.13578683,15.05053902,82.8833847,73.40848903,4.86753445,,7.980655332,7.927838147,10.57381096,10.54993986
CZE,2011,Czechia,Europe & Central Asia,High income,307,187,120,2186.790218,7.47281456,84.51079559,14.21162128,39708.16263,15.8988257,77.87317073,10496088,73.28783384,2967.317358,130,190,2923.846525,39097.38862,15.45900241,13.85482121,84.88095856,73.34955992,4.787491743,4.86753445,7.995413577,7.980655332,10.58931205,10.57381096
CZE,2012,Czechia,Europe & Central Asia,High income,299,181,118,2222.762347,7.53974962,84.60860443,14.21601486,39347.0493,16.50004973,78.07560976,10510785,73.22492396,2966.669,120,187,2967.317358,39708.16263,15.8988257,14.21162128,84.51079559,73.28783384,4.770684624,4.787491743,7.995195053,7.995413577,10.58017626,10.58931205
CZE,2013,Czechia,Europe & Central Asia,High income,297,181,116,2309.538758,7.44831276,84.45998383,14.33172131,39317.55357,17.08215909,78.17560976,10514272,73.16221869,2928.494359,118,181,2966.669,39347.0493,16.50004973,14.21601486,84.60860443,73.22492396,4.753590191,4.770684624,7.982243699,7.995195053,10.57942635,10.58017626
CZE,2014,Czechia,Europe & Central Asia,High income,276,169,107,2471.631636,7.53919601,83.96590424,14.45865345,40158.01643,17.60549396,78.82439024,10525347,73.0995921,3027.591572,116,181,2928.494359,39317.55357,17.08215909,14.33172131,84.45998383,73.16221869,4.672828834,4.753590191,8.015522722,7.982243699,10.60057736,10.57942635
CZE,2015,Czechia,Europe & Central Asia,High income,279,170,109,2489.068362,7.29346752,84.34929657,14.51374149,42066.57598,18.09687977,78.57804878,10546059,73.03704429,3068.112056,107,169,3027.591572,40158.01643,17.60549396,14.45865345,83.96590424,73.0995921,4.691347882,4.672828834,8.028817686,8.015522722,10.64700878,10.60057736
CZE,2016,Czechia,Europe & Central Asia,High income,264,160,104,2671.878041,7.32258606,84.50603485,14.28510857,43069.46597,18.59515922,79.02682927,10566332,72.97457534,3153.798712,109,170,3068.112056,42066.57598,18.09687977,14.51374149,84.34929657,73.03704429,4.644390899,4.691347882,8.056362945,8.028817686,10.67056958,10.64700878
CZE,2017,Czechia,Europe & Central Asia,High income,265,162,103,2853.609451,7.24190664,84.52111816,14.13632774,45177.52261,19.085882,78.97804878,10594438,72.91218536,3271.714009,104,160,3153.798712,43069.46597,18.59515922,14.28510857,84.50603485,72.97457534,4.634728988,4.644390899,8.093069288,8.056362945,10.71835495,10.67056958
CZE,2018,Czechia,Europe & Central Asia,High income,260,160,100,3075.206146,7.37173605,84.65405273,14.15549374,46301.08204,19.53157934,79.02926829,10629928,72.84987444,3413.193556,103,162,3271.714009,45177.52261,19.085882,14.13632774,84.52111816,72.91218536,4.605170186,4.634728988,8.135403659,8.093069288,10.74292061,10.71835495
CZE,2019,Czechia,Europe & Central Asia,High income,252,155,97,3422.447154,7.48754358,84.55741882,14.309021,47763.61655,19.94858774,79.22926829,10671870,72.78764267,3576.321605,100,160,3413.193556,46301.08204,19.53157934,14.15549374,84.65405273,72.84987444,4.574710979,4.605170186,8.182090066,8.135403659,10.77401947,10.74292061
CZE,2020,Czechia,Europe & Central Asia,High income,277,178,99,4023.556774,8.96995831,87.97981262,11.0761776,45119.93873,20.29397364,78.22682927,10697858,72.72549016,4047.239694,97,155,3576.321605,47763.61655,19.94858774,14.309021,84.55741882,72.78764267,4.59511985,4.574710979,8.305790371,8.182090066,10.71707953,10.77401947
CZE,2021,Czechia,Europe & Central Asia,High income,335,233,102,4379.907045,9.15420723,86.50693512,12.48179531,47796.03374,20.53715417,77.22195122,10505772,72.68105944,4375.347976,99,178,4047.239694,45119.93873,20.29397364,11.0761776,87.97981262,72.72549016,4.624972813,4.59511985,8.383741333,8.305790371,10.77469794,10.71707953
CZE,2022,Czechia,Europe & Central Asia,High income,250,159,91,4444.877192,8.47063065,84.77184296,14.28758907,48390.66168,20.51831065,78.92926829,10672118,72.69676384,4098.99422,102,233,4375.347976,47796.03374,20.53715417,12.48179531,86.50693512,72.68105944,4.510859507,4.624972813,8.31849691,8.383741333,10.78706213,10.77469794
CZE,2023,Czechia,Europe & Central Asia,High income,229,142,87,4499.617488,8.42677402,84.34033203,14.59681702,47558.41068,20.54590056,79.82682927,10864042,72.73523884,4007.639795,91,159,4098.99422,48390.66168,20.51831065,14.28758907,84.77184296,72.69676384,4.465908119,4.510859507,8.295957767,8.31849691,10.76971393,10.78706213
DEU,2010,Germany,Europe & Central Asia,High income,212,134,78,4301.945971,10.8311739,76.05329132,13.30298233,54826.25545,20.56544535,79.98780488,81776930,80.30570256,5938.327071,,,5766.813258,52568.79742,20.52159563,13.26327801,76.00954437,80.27451924,4.356708827,,8.689182735,8.659874912,10.91192447,10.86987802
DEU,2011,Germany,Europe & Central Asia,High income,209,133,76,4568.981893,10.52106953,75.78303528,13.32311726,57950.95897,20.52149813,80.43658537,80274983,80.34057629,6097.060687,78,134,5938.327071,54826.25545,20.56544535,13.30298233,76.05329132,80.30570256,4.33073334,4.356708827,8.715562079,8.689182735,10.9673524,10.91192447
DEU,2012,Germany,Europe & Central Asia,High income,205,131,74,4691.180208,10.59356213,75.81877899,13.48985386,58110.37685,20.63764943,80.53902439,80425823,80.39344752,6155.958876,76,133,6097.060687,57950.95897,20.52149813,13.32311726,75.78303528,80.34057629,4.304065093,4.33073334,8.725175815,8.715562079,10.97009953,10.9673524
DEU,2013,Germany,Europe & Central Asia,High income,208,134,74,4937.415558,10.7432127,76.76260376,12.68544769,58182.07662,20.81297611,80.4902439,80645605,80.47323184,6250.624244,74,131,6155.958876,58110.37685,20.63764943,13.48985386,75.81877899,80.39344752,4.304065093,4.304065093,8.740436617,8.725175815,10.97133262,10.97009953
DEU,2014,Germany,Europe & Central Asia,High income,199,128,71,5175.888102,10.76819706,77.38957214,12.35032654,59203.23409,20.95866869,81.0902439,80982500,80.57574024,6375.120912,74,134,6250.624244,58182.07662,20.81297611,12.68544769,76.76260376,80.47323184,4.262679877,4.304065093,8.760158337,8.740436617,10.98873145,10.97133262
DEU,2015,Germany,Europe & Central Asia,High income,204,131,73,5336.072664,10.92317677,77.39421844,12.35095024,59668.98904,21.05335368,80.64146341,81686611,80.69743716,6517.749149,71,128,6375.120912,59203.23409,20.95866869,12.35032654,77.38957214,80.57574024,4.290459441,4.262679877,8.782284373,8.760158337,10.99656772,10.98873145
DEU,2016,Germany,Europe & Central Asia,High income,200,129,71,5669.817973,10.97133732,77.75997162,12.18544674,60504.58574,21.13499618,80.9902439,82348669,80.83478707,6638.162196,73,131,6517.749149,59668.98904,21.05335368,12.35095024,77.39421844,80.69743716,4.262679877,4.290459441,8.800590426,8.782284373,11.01047444,10.99656772
DEU,2017,Germany,Europe & Central Asia,High income,196,127,69,5989.483597,11.05091095,78.14505005,12.01707077,61965.43429,21.29364051,80.99268293,82657002,80.9842544,6847.744963,71,129,6638.162196,60504.58574,21.13499618,12.18544674,77.75997162,80.83478707,4.234106505,4.262679877,8.831674675,8.800590426,11.034332,11.01047444
DEU,2018,Germany,Europe & Central Asia,High income,196,127,69,6302.091422,11.18380833,77.88581085,12.1757164,62481.1184,21.44976139,80.89268293,82905782,81.14230362,6987.768524,69,127,6847.744963,61965.43429,21.29364051,12.01707077,78.14505005,80.9842544,4.234106505,4.234106505,8.851916546,8.831674675,11.04261968,11.034332
DEU,2019,Germany,Europe & Central Asia,High income,188,122,66,6779.507981,11.42805386,77.85022736,12.37548542,62949.89325,21.62839331,81.29268293,83092962,81.30539917,7193.947706,69,127,6987.768524,62481.1184,21.44976139,12.1757164,77.88581085,81.14230362,4.189654742,4.234106505,8.880995355,8.851916546,11.05009434,11.04261968
DEU,2020,Germany,Europe & Central Asia,High income,195,129,66,7316.328168,12.46780777,79.19026947,11.3380394,60299.57677,21.84472812,81.04146341,83160871,81.4700055,7518.035318,66,122,7193.947706,62949.89325,21.62839331,12.37548542,77.85022736,81.30539917,4.189654742,4.189654742,8.925060122,8.880995355,11.00708036,11.05009434
DEU,2021,Germany,Europe & Central Asia,High income,196,133,63,7960.36295,12.72403336,79.55317688,11.36333561,62630.77481,22.13453737,80.7902439,83196078,81.63258707,7969.160681,66,129,7518.035318,60299.57677,21.84472812,11.3380394,79.19026947,81.4700055,4.143134726,4.189654742,8.983334456,8.925060122,11.04501205,11.00708036
DEU,2022,Germany,Europe & Central Asia,High income,192,129,63,8469.651108,12.44708347,80.47441864,10.43201256,63777.9291,22.45890638,80.60804878,83177813,81.78678528,7938.492071,63,133,7969.160681,62630.77481,22.13453737,11.36333561,79.55317688,81.63258707,4.143134726,4.143134726,8.979478621,8.983334456,11.06316247,11.04501205
DEU,2023,Germany,Europe & Central Asia,High income,,,,8306.182903,11.74428654,79.11742401,11.05290699,63140.19491,22.79004395,81.04146341,83287273,81.90343667,7415.365412,63,129,7938.492071,63777.9291,22.45890638,10.43201256,80.47441864,81.78678528,,4.143134726,8.911309533,8.979478621,11.05311285,11.06316247
DNK,2010,Denmark,Europe & Central Asia,High income,238,160,78,4560.718644,10.59621811,84.26644897,13.7077713,59856.34909,16.55744893,79.1,5547683,86.865242,6342.509302,,,6290.717734,59185.96775,16.1019309,13.6846056,84.45875549,86.76176531,4.356708827,,8.755029758,8.74683045,10.99970279,10.98843976
DNK,2011,Denmark,Europe & Central Asia,High income,221,149,72,4620.843316,10.39758492,83.93601227,13.89782429,60391.77993,17.07635587,79.8,5570572,87.1567654,6279.286603,78,160,6342.509302,59856.34909,16.55744893,13.7077713,84.26644897,86.865242,4.276666119,4.356708827,8.745011655,8.755029758,11.00860828,10.99970279
DNK,2012,Denmark,Europe & Central Asia,High income,217,148,69,4713.970241,10.53344631,84.36649323,13.51348305,60161.70107,17.60354433,80.05121951,5591572,87.23361969,6337.100481,72,149,6279.286603,60391.77993,17.07635587,13.89782429,83.93601227,87.1567654,4.234106505,4.276666119,8.754176605,8.745011655,11.00479123,11.00860828
DNK,2013,Denmark,Europe & Central Asia,High income,207,142,65,4826.146755,10.29778957,84.46157074,13.34752655,60745.77848,18.05334769,80.3,5614932,87.54365248,6255.472441,69,148,6337.100481,60161.70107,17.60354433,13.51348305,84.36649323,87.23361969,4.17438727,4.234106505,8.74121195,8.754176605,11.01445287,11.00479123
DNK,2014,Denmark,Europe & Central Asia,High income,202,140,62,4937.968415,10.31388664,84.44359589,13.33925629,61210.94909,18.41555521,80.7,5643475,87.68239857,6313.227901,65,142,6255.472441,60745.77848,18.05334769,13.34752655,84.46157074,87.54365248,4.127134385,4.17438727,8.750402378,8.74121195,11.02208136,11.01445287
DNK,2015,Denmark,Europe & Central Asia,High income,198,135,63,5074.474589,10.3754549,84.25540924,13.45859432,62059.1286,18.70393956,80.70243902,5683483,87.72540566,6438.916899,62,140,6313.227901,61210.94909,18.41555521,13.33925629,84.44359589,87.68239857,4.143134726,4.127134385,8.770115622,8.750402378,11.0358429,11.02208136
DNK,2016,Denmark,Europe & Central Asia,High income,199,135,64,5328.204878,10.28229332,84.18164825,13.52142334,63468.98882,18.94257028,80.85365854,5728010,87.69999695,6526.067598,63,135,6438.916899,62059.1286,18.70393956,13.45859432,84.25540924,87.72540566,4.158883083,4.143134726,8.783559835,8.770115622,11.0583067,11.0358429
DNK,2017,Denmark,Europe & Central Asia,High income,188,128,60,5589.876099,10.1137991,83.95671082,13.69360352,64989.44599,19.18226841,81.10243902,5764980,88.01619438,6572.902003,64,135,6526.067598,63468.98882,18.94257028,13.52142334,84.18164825,87.69999695,4.094344562,4.158883083,8.790710719,8.783559835,11.08198017,11.0583067
DNK,2018,Denmark,Europe & Central Asia,High income,180,121,59,5804.234687,10.14163208,83.74980927,13.82407379,65870.83026,19.44038864,80.95365854,5793636,88.10597623,6680.377253,60,128,6572.902003,64989.44599,19.18226841,13.69360352,83.95671082,88.01619438,4.077537444,4.094344562,8.80692974,8.790710719,11.09545099,11.08198017
DNK,2019,Denmark,Europe & Central Asia,High income,180,124,56,6171.199044,10.18468761,83.70944214,13.79444408,66758.63233,19.71438023,81.45121951,5814422,88.20964908,6799.158156,59,121,6680.377253,65870.83026,19.44038864,13.82407379,83.74980927,88.10597623,4.025351691,4.077537444,8.824554083,8.80692974,11.10883889,11.09545099
DNK,2020,Denmark,Europe & Central Asia,High income,174,120,54,6702.081488,10.69237614,84.34255981,13.37706089,65379.30661,20.00081454,81.60243902,5831404,88.23944855,6990.601381,56,124,6799.158156,66758.63233,19.71438023,13.79444408,83.70944214,88.20964908,3.988984047,4.025351691,8.852321866,8.824554083,11.08796107,11.10883889
DNK,2021,Denmark,Europe & Central Asia,High income,174,120,54,7428.625854,10.65575886,84.50714111,13.30354118,69327.99822,20.24812625,81.40487805,5856733,88.26164493,7387.424312,54,120,6990.601381,65379.30661,20.00081454,13.37706089,84.34255981,88.23944855,3.988984047,3.988984047,8.907534416,8.852321866,11.14660412,11.08796107
DNK,2022,Denmark,Europe & Central Asia,High income,175,120,55,7333.160924,9.47411346,84.42984009,13.18761063,69089.46925,20.40074008,81.30487805,5903037,88.38802398,6545.614706,54,120,7387.424312,69327.99822,20.24812625,13.30354118,84.50714111,88.26164493,4.007333185,3.988984047,8.786550594,8.907534416,11.1431576,11.14660412
DNK,2023,Denmark,Europe & Central Asia,High income,,,,7097.511127,9.5572958,83.28481293,13.97692299,68993.90311,20.60018293,81.75365854,5946952,88.55263854,6593.951404,55,120,6545.614706,69089.46925,20.40074008,13.18761063,84.42984009,88.38802398,,4.007333185,8.793908054,8.786550594,11.14177342,11.1431576
ESP,2010,Spain,Europe & Central Asia,High income,175,111,64,2922.45426,9.16992569,73.72585297,21.3734436,42695.52742,16.89246019,81.62682927,46576897,78.51381562,3915.148137,,,3922.276805,42852.22089,16.62446355,20.15493011,74.44467926,78.29199219,4.158883083,,8.272608446,8.274427582,10.66184945,10.66551275
ESP,2011,Spain,Europe & Central Asia,High income,170,108,62,2955.81044,9.21749687,72.75214386,21.66048431,42271.83468,17.16870548,82.47560976,46742697,78.69539796,3896.405038,64,111,3915.148137,42695.52742,16.89246019,21.3734436,73.72585297,78.51381562,4.127134385,4.158883083,8.267809622,8.272608446,10.6518763,10.66184945
ESP,2012,Spain,Europe & Central Asia,High income,165,105,60,2935.210697,9.2189045,71.28530121,23.17375565,41034.04816,17.45651708,82.42682927,46773055,78.84556803,3782.889712,62,108,3896.405038,42271.83468,17.16870548,21.66048431,72.75214386,78.69539796,4.094344562,4.127134385,8.238243471,8.267809622,10.62215744,10.6518763
ESP,2013,Spain,Europe & Central Asia,High income,162,103,59,2973.043034,9.13714981,70.11689758,24.2397728,40594.91401,17.85081852,83.07804878,46604197,78.98580869,3709.218108,60,105,3782.889712,41034.04816,17.45651708,23.17375565,71.28530121,78.84556803,4.077537444,4.094344562,8.218576381,8.238243471,10.61139807,10.62215744
ESP,2014,Spain,Europe & Central Asia,High income,158,101,57,3087.21593,9.1512289,69.34916687,24.65292358,41339.41112,18.25564484,83.22926829,46460733,79.11967138,3783.064137,59,103,3709.218108,40594.91401,17.85081852,24.2397728,70.11689758,78.98580869,4.043051268,4.077537444,8.238289579,8.218576381,10.62957159,10.61139807
ESP,2015,Spain,Europe & Central Asia,High income,157,100,57,3233.042549,9.17553329,70.33087921,23.8731041,43053.76143,18.54175461,82.83170732,46422303,79.24548927,3950.412213,57,101,3783.064137,41339.41112,18.25564484,24.65292358,69.34916687,79.11967138,4.043051268,4.043051268,8.28157521,8.238289579,10.67020488,10.62957159
ESP,2016,Spain,Europe & Central Asia,High income,155,99,56,3343.153983,8.88084984,71.55826569,21.95563507,44274.66761,18.76733888,83.32926829,46458139,79.36159553,3931.966748,57,100,3950.412213,43053.76143,18.54175461,23.8731041,70.33087921,79.24548927,4.025351691,4.043051268,8.276895024,8.28157521,10.69816796,10.67020488
ESP,2017,Spain,Europe & Central Asia,High income,152,97,55,3598.63989,9.0217495,69.47534943,24.08994675,45446.25086,18.99282004,83.28292683,46571232,79.46632331,4100.04691,56,99,3931.966748,44274.66761,18.76733888,21.95563507,71.55826569,79.36159553,4.007333185,4.025351691,8.318753694,8.276895024,10.72428561,10.69816796
ESP,2018,Spain,Europe & Central Asia,High income,149,95,54,3731.499961,9.07122517,69.18390656,24.14520836,46325.20994,19.20234084,83.43170732,46782011,79.55800578,4202.264105,55,97,4100.04691,45446.25086,18.99282004,24.08994675,69.47534943,79.46632331,3.988984047,4.007333185,8.343378732,8.318753694,10.74344158,10.72428561
ESP,2019,Spain,Europe & Central Asia,High income,144,92,52,4075.976092,9.21539497,69.43850708,23.84757805,46896.41711,19.38182763,83.83170732,47118501,79.63497611,4321.690064,54,95,4202.264105,46325.20994,19.20234084,24.14520836,69.18390656,79.55800578,3.951243719,3.988984047,8.371401823,8.343378732,10.75569656,10.74344158
ESP,2020,Spain,Europe & Central Asia,High income,169,118,51,4249.071518,10.79479218,72.08792877,21.66228485,41553.44779,19.55961609,82.23170732,47359424,79.69556746,4485.608333,52,92,4321.690064,46896.41711,19.38182763,23.84757805,69.43850708,79.63497611,3.931825633,3.951243719,8.408629403,8.371401823,10.63473578,10.75569656
ESP,2021,Spain,Europe & Central Asia,High income,163,112,51,4581.635144,10.34419918,72.61148834,21.30355072,44251.66582,19.81338229,83.17804878,47443821,79.7846243,4577.480453,51,118,4485.608333,41553.44779,19.55961609,21.66228485,72.08792877,79.69556746,3.931825633,3.931825633,8.428904006,8.408629403,10.6976483,10.63473578
ESP,2022,Spain,Europe & Central Asia,High income,154,103,51,4916.078238,9.6799593,72.93547058,21.02750587,46733.48098,20.18799925,83.13414634,47786102,79.95487946,4523.781938,51,112,4577.480453,44251.66582,19.81338229,21.30355072,72.61148834,79.7846243,3.931825633,3.931825633,8.417103635,8.428904006,10.75221612,10.6976483
ESP,2023,Spain,Europe & Central Asia,High income,142,92,50,4934.947726,9.2206583,73.18374634,20.85539818,47322.5937,20.65370752,83.93414634,48352528,80.128491,4363.454664,51,103,4523.781938,46733.48098,20.18799925,21.02750587,72.93547058,79.95487946,3.912023005,3.931825633,8.381019377,8.417103635,10.76474313,10.75221612
EST,2010,Estonia,Europe & Central Asia,High income,407,265,142,1423.474594,6.59404182,73.40018463,22.81398773,30067.50104,17.44029153,75.42926829,1331475,67.80480429,1982.663593,,,2004.166445,29281.67983,17.43263632,21.22938728,76.34546661,67.7348909,4.955827058,,7.592196469,7.602983515,10.31120017,10.28471734
EST,2011,Estonia,Europe & Central Asia,High income,387,256,131,1490.13738,6.05471659,74.11393738,22.52681351,32453.10085,17.5716414,76.22926829,1327439,67.87755563,1964.943281,142,265,1982.663593,30067.50104,17.44029153,22.81398773,73.40018463,67.80480429,4.875197323,4.955827058,7.583218659,7.592196469,10.38755128,10.31120017
EST,2012,Estonia,Europe & Central Asia,High income,389,257,132,1581.462685,6.03782082,75.15532684,22.5406723,33765.43021,17.86281884,76.32682927,1322696,67.96295933,2038.696175,131,256,1964.943281,32453.10085,17.5716414,22.52681351,74.11393738,67.87755563,4.882801923,4.875197323,7.620065753,7.583218659,10.42719278,10.38755128
EST,2013,Estonia,Europe & Central Asia,High income,352,230,122,1722.098282,6.19788504,74.44730377,23.60540962,34481.01489,18.19845598,77.14146341,1317997,68.09234583,2137.093664,132,257,2038.696175,33765.43021,17.86281884,22.5406723,75.15532684,67.96295933,4.804021045,4.882801923,7.667202084,7.620065753,10.44816416,10.42719278
EST,2014,Estonia,Europe & Central Asia,High income,359,234,125,1839.727346,6.26286125,74.51786041,23.5221653,35720.30253,18.56092881,77.03414634,1314545,68.26683828,2237.112986,122,230,2137.093664,34481.01489,18.19845598,23.60540962,74.44730377,68.09234583,4.828313737,4.804021045,7.712941468,7.667202084,10.4834745,10.44816416
EST,2015,Estonia,Europe & Central Asia,High income,331,215,116,1938.986231,6.52138662,74.43005371,23.71892166,36353.05805,18.88875196,77.5902439,1315407,68.47966097,2370.723464,125,234,2237.112986,35720.30253,18.56092881,23.5221653,74.51786041,68.26683828,4.753590191,4.828313737,7.770950447,7.712941468,10.50103361,10.4834745
EST,2016,Estonia,Europe & Central Asia,High income,323,211,112,2098.463349,6.56918621,74.41002655,23.73811913,37466.55618,19.18601602,77.64146341,1315790,68.72403818,2461.247842,116,215,2370.723464,36353.05805,18.88875196,23.71892166,74.43005371,68.47966097,4.718498871,4.753590191,7.808423753,7.770950447,10.53120398,10.50103361
EST,2017,Estonia,Europe & Central Asia,High income,318,207,111,2234.290796,6.46636105,73.49200439,24.80668068,39529.78597,19.4674154,78.09268293,1317384,68.99319419,2556.138683,112,211,2461.247842,37466.55618,19.18601602,23.73811913,74.41002655,68.72403818,4.709530201,4.718498871,7.846253072,7.808423753,10.58480974,10.53120398
EST,2018,Estonia,Europe & Central Asia,High income,320,211,109,2441.556277,6.56314421,73.58968353,24.5131073,40849.84735,19.67549053,78.24390244,1321977,69.28035329,2681.034391,111,207,2556.138683,39529.78597,19.4674154,24.80668068,73.49200439,68.99319419,4.691347882,4.709530201,7.893957966,7.846253072,10.61765836,10.58480974
EST,2019,Estonia,Europe & Central Asia,High income,296,192,104,2702.266549,6.64763546,74.36911011,23.92458153,42215.03438,19.89653469,78.64634146,1326898,69.57873977,2806.301595,109,211,2681.034391,40849.84735,19.67549053,24.5131073,73.58968353,69.28035329,4.644390899,4.691347882,7.939622737,7.893957966,10.6505317,10.61765836
EST,2020,Estonia,Europe & Central Asia,High income,310,210,100,3040.186566,7.47179365,77.02276611,21.42827797,40916.71941,20.20009484,78.59512195,1329522,69.88157789,3057.212843,104,192,2806.301595,42215.03438,19.89653469,23.92458153,74.36911011,69.57873977,4.605170186,4.644390899,8.025258944,7.939622737,10.61929405,10.6505317
EST,2021,Estonia,Europe & Central Asia,High income,363,253,110,3310.354363,7.47591066,76.05378723,22.15488243,44247.4199,20.4337978,76.94390244,1330932,70.17772741,3307.897581,100,210,3057.212843,40916.71941,20.20009484,21.42827797,77.02276611,69.88157789,4.700480366,4.605170186,8.104068095,8.025258944,10.69755234,10.61929405
EST,2022,Estonia,Europe & Central Asia,High income,323,222,101,3358.1793,6.93641424,74.78225708,23.14229393,43124.61966,20.63004619,77.84390244,1348840,70.48923337,2991.302259,110,253,3307.897581,44247.4199,20.4337978,22.15488243,76.05378723,70.17772741,4.615120517,4.700480366,8.00346411,8.104068095,10.67184933,10.69755234
EST,2023,Estonia,Europe & Central Asia,High income,294,201,93,3506.883327,7.47082138,75.76696777,22.09991646,41284.77469,20.91408255,78.79268293,1370286,70.67700855,3084.311774,101,222,2991.302259,43124.61966,20.63004619,23.14229393,74.78225708,70.48923337,4.532599493,4.615120517,8.034083824,8.00346411,10.62824906,10.67184933
FIN,2010,Finland,Europe & Central Asia,High income,234,160,74,3560.795677,9.14183331,78.54332733,18.80395508,54017.94586,17.25941648,79.87073171,5363352,69.78557988,4938.230568,,,4819.043555,52599.14871,16.87962582,18.31736946,79.02602386,69.54625997,4.304065093,,8.504762361,8.480330755,10.8970716,10.87045521
FIN,2011,Finland,Europe & Central Asia,High income,224,154,70,3773.794189,9.23903561,79.16613007,18.1520462,55053.39069,17.82139106,80.47073171,5388272,70.05832619,5086.40237,74,160,4938.230568,54017.94586,17.25941648,18.80395508,78.54332733,69.78557988,4.248495242,4.304065093,8.534326056,8.504762361,10.91605873,10.8970716
FIN,2012,Finland,Europe & Central Asia,High income,218,150,68,3918.011008,9.61732101,79.80427551,17.46195984,53957.6681,18.44995859,80.62682927,5413971,70.36613632,5189.282151,70,154,5086.40237,55053.39069,17.82139106,18.1520462,79.16613007,70.05832619,4.219507705,4.248495242,8.554350653,8.534326056,10.89595509,10.91605873
FIN,2013,Finland,Europe & Central Asia,High income,211,146,65,4068.485883,9.84504986,79.46150208,17.79447365,53183.42867,19.07335707,80.97560976,5438972,70.67421182,5235.93507,68,150,5189.282151,53957.6681,18.44995859,17.46195984,79.80427551,70.36613632,4.17438727,4.219507705,8.563300726,8.554350653,10.88150214,10.89595509
FIN,2014,Finland,Europe & Central Asia,High income,200,138,62,4084.226026,9.83066177,79.55601501,17.63744736,52710.73349,19.66610481,81.1804878,5461512,70.98791689,5181.813926,65,146,5235.93507,53183.42867,19.07335707,17.79447365,79.46150208,70.67421182,4.127134385,4.17438727,8.552910453,8.563300726,10.87257439,10.88150214
FIN,2015,Finland,Europe & Central Asia,High income,193,133,60,4099.967561,9.69998264,78.56343842,18.62889671,52782.48739,20.20906187,81.4804878,5479531,71.305493,5119.892114,62,138,5181.813926,52710.73349,19.66610481,17.63744736,79.55601501,70.98791689,4.094344562,4.127134385,8.540888646,8.552910453,10.87393474,10.87257439
FIN,2016,Finland,Europe & Central Asia,High income,198,136,62,4213.807385,9.45625591,77.83334351,19.27291298,53984.63163,20.68380333,81.42926829,5495303,71.61583834,5104.924919,60,133,5119.892114,52782.48739,20.20906187,18.62889671,78.56343842,71.305493,4.127134385,4.094344562,8.537961023,8.540888646,10.89645469,10.87393474
FIN,2017,Finland,Europe & Central Asia,High income,192,131,61,4341.440573,9.19148445,78.01247406,19.04597092,55637.22628,21.14574733,81.63170732,5508214,71.95630383,5113.887002,62,136,5104.924919,53984.63163,20.68380333,19.27291298,77.83334351,71.61583834,4.110873864,4.127134385,8.53971506,8.537961023,10.92660779,10.89645469
FIN,2018,Finland,Europe & Central Asia,High income,188,130,58,4484.348792,9.10587025,78.55683136,18.43068314,56226.33724,21.61548145,81.73414634,5515525,72.34234677,5119.897316,61,131,5113.887002,55637.22628,21.14574733,19.04597092,78.01247406,71.95630383,4.060443011,4.110873864,8.540889662,8.53971506,10.93714056,10.92660779
FIN,2019,Finland,Europe & Central Asia,High income,181,125,56,4821.267143,9.22295189,80.19264984,17.42399406,56922.48732,22.06139384,81.98292683,5521606,72.74312144,5249.93362,58,130,5119.897316,56226.33724,21.61548145,18.43068314,78.55683136,72.34234677,4.025351691,4.060443011,8.565970712,8.540889662,10.94944575,10.93714056
FIN,2020,Finland,Europe & Central Asia,High income,186,129,57,5169.582286,9.69977188,81.3332901,16.46622276,55424.8575,22.49068289,81.93170732,5529543,73.08494398,5376.084742,56,125,5249.93362,56922.48732,22.06139384,17.42399406,80.19264984,72.74312144,4.043051268,4.025351691,8.589715645,8.565970712,10.92278346,10.94944575
FIN,2021,Finland,Europe & Central Asia,High income,183,127,56,5627.695383,9.90969753,81.34672546,16.66294861,56790.37662,22.87495657,81.88536585,5541017,73.37102158,5627.754549,57,129,5376.084742,55424.8575,22.49068289,16.46622276,81.3332901,73.08494398,4.025351691,4.043051268,8.635465805,8.589715645,10.94712216,10.92278346
FIN,2022,Finland,Europe & Central Asia,High income,191,134,57,5961.992511,9.74152565,81.72774506,16.0982132,57068.30565,23.22876721,81.18780488,5556106,73.69675978,5559.323633,56,127,5627.754549,56790.37662,22.87495657,16.66294861,81.34672546,73.37102158,4.043051268,4.025351691,8.623231731,8.635465805,10.95200417,10.94712216
FIN,2023,Finland,Europe & Central Asia,High income,178,123,55,6433.37243,10.47389507,81.14877319,14.09493542,56051.77011,23.57787472,81.58536585,5583911,74.00625486,5870.803587,57,134,5559.323633,57068.30565,23.22876721,16.0982132,81.72774506,73.69675978,4.007333185,4.043051268,8.677746801,8.623231731,10.93403101,10.95200417
FRA,2010,France,Europe & Central Asia,High income,185,126,59,4053.722904,11.22430801,69.64768219,11.44470692,49130.42294,16.78228182,81.66341463,65026211,77.09628448,5514.549998,,,5465.382706,48404.96578,16.66032923,10.16679668,70.67966461,77.10053918,4.077537444,,8.615145332,8.606189427,10.80223373,10.78735769
FRA,2011,France,Europe & Central Asia,High income,181,125,56,4215.52515,11.17601013,69.47281647,11.45023441,50085.68298,17.05547201,82.11463415,65340830,77.11827174,5597.581003,59,126,5514.549998,49130.42294,16.78228182,11.44470692,69.64768219,77.09628448,4.025351691,4.077537444,8.63008982,8.615145332,10.82149048,10.80223373
FRA,2012,France,Europe & Central Asia,High income,174,120,54,4295.857247,11.33749485,69.60797882,11.32722759,49935.62691,17.48309597,81.96829268,65657659,77.16694649,5661.449129,56,125,5597.581003,50085.68298,17.05547201,11.45023441,69.47281647,77.11827174,3.988984047,4.025351691,8.641435168,8.63008982,10.81848999,10.82149048
FRA,2013,France,Europe & Central Asia,High income,170,117,53,4531.453129,11.37891197,70.22323608,10.17825317,50066.53043,17.92957802,82.2195122,65997932,77.24407215,5697.026424,54,120,5661.449129,49935.62691,17.48309597,11.32722759,69.60797882,77.16694649,3.970291914,3.988984047,8.647699638,8.641435168,10.82110801,10.81848999
FRA,2014,France,Europe & Central Asia,High income,164,113,51,4667.281668,11.57935429,69.77742004,11.10480595,50326.56786,18.38787321,82.7195122,66312067,77.35242968,5827.491595,53,117,5697.026424,50066.53043,17.92957802,10.17825317,70.22323608,77.24407215,3.931825633,3.970291914,8.670341929,8.647699638,10.8262884,10.82110801
FRA,2015,France,Europe & Central Asia,High income,164,113,51,4711.867987,11.50032997,71.59706116,10.9781208,50682.89536,18.85162696,82.32195122,66548272,77.76109192,5828.700205,51,113,5827.491595,50326.56786,18.38787321,11.10480595,69.77742004,77.35242968,3.931825633,3.931825633,8.670549305,8.670341929,10.83334376,10.8262884
FRA,2016,France,Europe & Central Asia,High income,161,111,50,4967.77899,11.57036018,74.41910553,10.71399021,50984.0753,19.28466417,82.57317073,66724104,78.59991147,5899.041146,51,113,5828.700205,50682.89536,18.85162696,10.9781208,71.59706116,77.76109192,3.912023005,3.931825633,8.682545099,8.670549305,10.83926861,10.83334376
FRA,2017,France,Europe & Central Asia,High income,158,108,50,5099.716851,11.44944572,75.24732971,10.63998699,51895.5663,19.67084868,82.57560976,66918020,78.6467804,5941.754694,50,111,5899.041146,50984.0753,19.28466417,10.71399021,74.41910553,78.59991147,3.912023005,3.912023005,8.689759772,8.682545099,10.85698864,10.83926861
FRA,2018,France,Europe & Central Asia,High income,157,107,50,5255.329911,11.30847645,75.15599823,10.44571686,52560.95362,20.03942106,82.67560976,67158348,78.67144325,5943.843063,50,108,5941.754694,51895.5663,19.67084868,10.63998699,75.24732971,78.6467804,3.912023005,3.912023005,8.690111183,8.689759772,10.8697288,10.85698864
FRA,2019,France,Europe & Central Asia,High income,152,103,49,5719.345301,11.17058277,74.57907867,10.31887913,53448.55488,20.41008888,82.82682927,67382061,78.68907845,5970.515063,50,107,5943.843063,52560.95362,20.03942106,10.44571686,75.15599823,78.67144325,3.891820298,3.912023005,8.694588478,8.690111183,10.88647488,10.8697288
FRA,2020,France,Europe & Central Asia,High income,164,117,47,6013.229925,12.12949371,76.32157135,9.42379379,49311.33341,20.7474409,82.17560976,67601110,78.71191318,5981.215084,49,103,5970.515063,53448.55488,20.41008888,10.31887913,74.57907867,78.68907845,3.850147602,3.891820298,8.696379018,8.694588478,10.80590922,10.88647488
FRA,2021,France,Europe & Central Asia,High income,165,118,47,6443.668961,12.24894238,75.52132416,9.1691618,52517.33549,21.05075397,82.32439024,67842811,78.73646034,6432.818164,47,117,5981.215084,49311.33341,20.7474409,9.42379379,76.32157135,78.71191318,3.850147602,3.850147602,8.769168005,8.696379018,10.86889859,10.80590922
FRA,2022,France,Europe & Central Asia,High income,162,114,48,6642.983876,11.82888794,75.2919693,9.24756908,53673.81374,21.37734912,82.12926829,68184457,78.75919211,6349.015281,47,118,6432.818164,52517.33549,21.05075397,9.1691618,75.52132416,78.73646034,3.871201011,3.850147602,8.756055006,8.769168005,10.89068052,10.86889859
FRA,2023,France,Europe & Central Asia,High income,149,103,46,6719.076709,11.51974583,67.71356964,9.26032639,54296.72309,21.74914239,82.83170732,68372286,78.78043231,6254.844494,48,114,6349.015281,53673.81374,21.37734912,9.24756908,75.2919693,78.75919211,3.828641396,3.871201011,8.741111562,8.756055006,10.90221916,10.89068052
GBR,2010,United Kingdom,Europe & Central Asia,High income,221,137,84,3571.773851,9.78799534,82.04014587,13.17372036,47682.65252,16.33838537,80.40243902,62766365,80.99516512,4667.175806,,,4624.098617,46995.545,16.18019632,12.39581871,82.74412537,80.86921801,4.430816799,,8.448309415,8.439036737,10.77232293,10.75780809
GBR,2011,United Kingdom,Europe & Central Asia,High income,213,134,79,3645.298358,9.79682636,81.80342865,13.34486294,47714.28943,16.58746499,80.95121951,63258810,81.13596856,4674.486084,84,137,4667.175806,47682.65252,16.33838537,13.17372036,82.04014587,80.99516512,4.369447852,4.430816799,8.449874507,8.448309415,10.7729862,10.77232293
GBR,2012,United Kingdom,Europe & Central Asia,High income,205,129,76,3793.120137,9.89332199,81.00857544,14.16525364,48099.65944,16.97334404,80.90487805,63711000,81.29056678,4758.654185,79,134,4674.486084,47714.28943,16.58746499,13.34486294,81.80342865,81.13596856,4.33073334,4.369447852,8.467720173,8.449874507,10.78103038,10.7729862
GBR,2013,United Kingdom,Europe & Central Asia,High income,203,129,74,3993.161505,9.99087143,79.47072601,15.75939178,48600.51008,17.32790658,81.00487805,64138000,81.45737687,4855.614476,76,129,4758.654185,48099.65944,16.97334404,14.16525364,81.00857544,81.29056678,4.304065093,4.33073334,8.487890938,8.467720173,10.79138931,10.78103038
GBR,2014,United Kingdom,Europe & Central Asia,High income,201,128,73,4118.599618,9.97686195,79.5734024,15.74380684,49763.17388,17.58408439,81.30487805,64619000,81.63557508,4964.80316,74,129,4855.614476,48600.51008,17.32790658,15.75939178,79.47072601,81.45737687,4.290459441,4.304065093,8.51012893,8.487890938,10.81503051,10.79138931
GBR,2015,United Kingdom,Europe & Central Asia,High income,202,128,74,4225.916448,9.94044876,79.54771423,15.86555099,50462.833,17.7699802,80.95609756,65087000,81.82437723,5016.232057,73,128,4964.80316,49763.17388,17.58408439,15.74380684,79.5734024,81.63557508,4.304065093,4.290459441,8.520434345,8.51012893,10.82899236,10.81503051
GBR,2016,United Kingdom,Europe & Central Asia,High income,202,128,74,4348.869372,9.87085724,80.12525177,15.67987061,51168.29258,17.91620257,81.15609756,65606000,82.02299917,5050.749113,74,128,5016.232057,50462.833,17.7699802,15.86555099,79.54771423,81.82437723,4.304065093,4.304065093,8.52729185,8.520434345,10.84287533,10.82899236
GBR,2017,United Kingdom,Europe & Central Asia,High income,198,125,73,4470.110525,9.70468903,79.68148041,15.82855606,52429.12755,18.07341362,81.25609756,65964000,82.23065673,5088.08379,74,128,5050.749113,51168.29258,17.91620257,15.67987061,80.12525177,82.02299917,4.290459441,4.304065093,8.534656573,8.52729185,10.86721759,10.84287533
GBR,2018,United Kingdom,Europe & Central Asia,High income,204,129,75,4614.186968,9.79496574,79.44651031,16.17838669,52983.03954,18.25575007,81.25609756,66287000,82.44656576,5189.670571,73,125,5088.08379,52429.12755,18.07341362,15.82855606,79.68148041,82.23065673,4.317488114,4.290459441,8.5544255,8.534656573,10.87772713,10.86721759
GBR,2019,United Kingdom,Europe & Central Asia,High income,194,123,71,4983.836529,9.97954082,79.73165131,16.03681946,53374.09276,18.45795809,81.36912195,66628000,82.66994207,5326.489375,75,129,5189.670571,52983.03954,18.25575007,16.17838669,79.44651031,82.44656576,4.262679877,4.317488114,8.580447646,8.5544255,10.88508075,10.87772713
GBR,2020,United Kingdom,Europe & Central Asia,High income,222,151,71,5808.380128,12.10388088,84.10111237,12.40982437,47930.54904,18.60579533,80.3317561,66740000,82.90000153,5801.456561,71,123,5326.489375,53374.09276,18.45795809,16.03681946,79.73165131,82.66994207,4.262679877,4.262679877,8.665864296,8.580447646,10.77750835,10.88508075
GBR,2021,United Kingdom,Europe & Central Asia,High income,227,156,71,6135.992046,12.08347321,83.74863434,13.02287769,51840.44242,18.71864877,80.64731707,66978000,82.98864315,6264.125972,71,151,5801.456561,47930.54904,18.60579533,12.40982437,84.10111237,82.90000153,4.262679877,4.262679877,8.742594348,8.665864296,10.85592587,10.77750835
GBR,2022,United Kingdom,Europe & Central Asia,High income,205,133,72,6496.94552,11.09679794,82.08061218,14.38128662,53979.76791,18.93031472,81.01121951,67636000,83.0753983,5990.025774,71,156,6264.125972,51840.44242,18.71864877,13.02287769,83.74863434,82.98864315,4.276666119,4.262679877,8.697850994,8.742594348,10.89636459,10.85592587
GBR,2023,United Kingdom,Europe & Central Asia,High income,206,132,74,6364.915408,10.99128914,81.77081299,14.6293354,53423.42263,19.23812911,81.23809756,68526000,83.16019329,5871.92285,72,133,5990.025774,53979.76791,18.93031472,14.38128662,82.08061218,83.0753983,4.304065093,4.276666119,8.677937432,8.697850994,10.88600455,10.89636459
GRC,2010,Greece,Europe & Central Asia,High income,,,,2678.748891,9.61952496,68.9058609,28.25885201,37566.74837,19.15788963,80.38780488,11121341,76.3631477,3613.742736,,,3803.474869,39886.21355,18.88299397,29.50299263,68.3194046,76.01749627,,,8.192499283,8.243670367,10.53387459,10.59378602
GRC,2011,Greece,Europe & Central Asia,High income,,,,2356.13704,9.18577003,65.70303345,31.15849113,33906.49174,19.50738616,80.73170732,11104899,76.63526099,3114.572357,,,3613.742736,37566.74837,19.15788963,28.25885201,68.9058609,76.3631477,,,8.043847137,8.192499283,10.43136177,10.53387459
GRC,2012,Greece,Europe & Central Asia,High income,,,,2214.805781,9.04327774,63.60369873,30.44894409,31250.22686,19.88909603,80.63414634,11045011,76.86797974,2826.044809,,,3114.572357,33906.49174,19.50738616,31.15849113,65.70303345,76.63526099,,,7.946633419,8.043847137,10.34978191,10.43136177
GRC,2013,Greece,Europe & Central Asia,High income,,,,2185.091228,8.52183914,61.39307785,33.73947525,30762.44322,20.29151841,81.28536585,10965211,77.09519997,2621.525927,,,2826.044809,31250.22686,19.88909603,30.44894409,63.60369873,76.86797974,,,7.871511842,7.946633419,10.33404985,10.34978191
GRC,2014,Greece,Europe & Central Asia,High income,200,121,79,2094.479305,7.94358587,56.87389755,37.19953156,31213.37651,20.69706729,81.38536585,10892413,77.31304863,2479.461366,,,2621.525927,30762.44322,20.29151841,33.73947525,61.39307785,77.09519997,4.369447852,,7.815796625,7.871511842,10.34860202,10.33404985
GRC,2015,Greece,Europe & Central Asia,High income,206,126,80,2192.777556,8.26719952,57.66665268,36.03439331,31347.97657,21.0794802,81.03658537,10820883,77.51944263,2591.599769,79,121,2479.461366,31213.37651,20.69706729,37.19953156,56.87389755,77.31304863,4.382026635,4.369447852,7.860030635,7.815796625,10.352905,10.34860202
GRC,2016,Greece,Europe & Central Asia,High income,201,121,80,2322.726436,8.45097542,52.42841721,34.30815125,31468.61985,21.3988877,81.38780488,10775971,77.71229888,2659.405328,80,126,2591.599769,31347.97657,21.0794802,36.03439331,57.66665268,77.51944263,4.382026635,4.382026635,7.885857816,7.860030635,10.35674613,10.352905
GRC,2017,Greece,Europe & Central Asia,High income,198,120,78,2324.130136,8.11336899,52.94457245,34.99521637,31995.41088,21.65633743,81.28780488,10754679,77.88953426,2595.905745,80,121,2659.405328,31468.61985,21.3988877,34.30815125,52.42841721,77.71229888,4.356708827,4.382026635,7.861690769,7.885857816,10.37334776,10.35674613
GRC,2018,Greece,Europe & Central Asia,High income,193,118,75,2403.162383,8.07267761,51.72071838,36.0800705,32722.33104,21.89663375,81.78780488,10732882,78.04906568,2641.568292,78,120,2595.905745,31995.41088,21.65633743,34.99521637,52.94457245,77.88953426,4.317488114,4.356708827,7.87912807,7.861690769,10.39581303,10.37334776
GRC,2019,Greece,Europe & Central Asia,High income,196,118,78,2590.846667,8.11709499,48.77410126,33.64273453,33502.75065,22.1273853,81.63902439,10721582,78.18881005,2719.450094,75,118,2641.568292,32722.33104,21.89663375,36.0800705,51.72071838,78.04906568,4.356708827,4.317488114,7.908184968,7.87912807,10.41938282,10.39581303
GRC,2020,Greece,Europe & Central Asia,High income,204,128,76,2765.262911,9.38074493,53.98300934,33.44511032,30487.11293,22.39343273,81.28780488,10698599,78.30668425,2859.918301,78,118,2719.450094,33502.75065,22.1273853,33.64273453,48.77410126,78.18881005,4.33073334,4.356708827,7.958548337,7.908184968,10.32505935,10.41938282
GRC,2021,Greece,Europe & Central Asia,High income,242,164,78,2997.429567,9.03178692,59.61593628,33.31882477,33528.22712,22.83895334,80.08292683,10570130,78.38848986,3028.198032,76,128,2859.918301,30487.11293,22.39343273,33.44511032,53.98300934,78.30668425,4.356708827,4.33073334,8.015723013,7.958548337,10.42014296,10.32505935
GRC,2022,Greece,Europe & Central Asia,High income,213,141,72,3285.433222,8.44938278,54.0853157,33.53891373,35828.17566,23.22817427,80.78780488,10437805,78.5502191,3027.259705,78,164,3028.198032,33528.22712,22.83895334,33.31882477,59.61593628,78.38848986,4.276666119,4.356708827,8.015413101,8.015723013,10.48648989,10.42014296
GRC,2023,Greece,Europe & Central Asia,High income,,,,3453.894415,8.39367008,50.62671661,34.30307007,36700.51346,23.48299802,81.73658537,10407351,78.77463038,3080.520018,72,141,3027.259705,35828.17566,23.22817427,33.53891373,54.0853157,78.5502191,,4.276666119,8.032853699,8.015413101,10.51054602,10.48648989
HRV,2010,Croatia,Europe & Central Asia,High income,352,221,131,1599.120129,7.94908857,83.40901947,13.95677757,28701.87546,17.87755146,76.47560976,4295427,55.28249793,2281.537501,,,2331.585307,29024.66406,17.94454302,13.74662781,82.83022308,55.30966403,4.875197323,,7.732604837,7.754303704,10.26471775,10.27590123
HRV,2011,Croatia,Europe & Central Asia,High income,337,212,125,1616.114991,7.62508154,81.97130585,12.05227661,28769.02295,17.94820343,76.77560976,4280622,55.27737933,2193.661458,131,221,2281.537501,28701.87546,17.87755146,13.95677757,83.40901947,55.28249793,4.828313737,4.875197323,7.693327325,7.732604837,10.2670545,10.26471775
HRV,2012,Croatia,Europe & Central Asia,High income,332,210,122,1650.950978,7.63413,82.65220642,11.47270298,28259.16381,18.20046856,77.16829268,4260368,55.30428886,2157.341302,125,212,2193.661458,28769.02295,17.94820343,12.05227661,81.97130585,55.27737933,4.804021045,4.828313737,7.676631864,7.693327325,10.24917307,10.2670545
HRV,2013,Croatia,Europe & Central Asia,High income,315,200,115,1426.689226,6.37271595,85.50038147,8.83226299,28397.98207,18.47659254,77.57073171,4233922,55.36594797,1809.722733,122,210,2157.341302,28259.16381,18.20046856,11.47270298,82.65220642,55.30428886,4.744932128,4.804021045,7.500928926,7.676631864,10.25407337,10.24917307
HRV,2014,Croatia,Europe & Central Asia,High income,313,196,117,1484.729441,6.56612396,84.03917694,11.27570152,28456.33538,18.81223962,77.72439024,4201598,55.45918349,1868.478255,115,200,1809.722733,28397.98207,18.47659254,8.83226299,85.50038147,55.36594797,4.762173935,4.744932128,7.532879611,7.500928926,10.2561261,10.25407337
HRV,2015,Croatia,Europe & Central Asia,High income,322,201,121,1569.181388,6.65548038,83.11493683,10.94543266,29466.45064,19.23112363,77.27560976,4151725,55.58125945,1961.133841,117,196,1868.478255,28456.33538,18.81223962,11.27570152,84.03917694,55.45918349,4.795790546,4.762173935,7.581278075,7.532879611,10.29100763,10.2561261
HRV,2016,Croatia,Europe & Central Asia,High income,304,191,113,1714.425605,6.69167471,82.84736633,10.97408199,30820.80504,19.65811935,77.92195122,4106867,55.72943986,2062.428016,121,201,1961.133841,29466.45064,19.23112363,10.94543266,83.11493683,55.58125945,4.727387819,4.795790546,7.631639216,7.581278075,10.33594523,10.29100763
HRV,2017,Croatia,Europe & Central Asia,High income,304,191,113,1831.406907,6.62803125,82.85181427,10.96659565,32348.58886,20.13544322,77.72682927,4041407,55.90098874,2144.074578,113,191,2062.428016,30820.80504,19.65811935,10.97408199,82.84736633,55.72943986,4.727387819,4.727387819,7.670463306,7.631639216,10.38432568,10.33594523
HRV,2018,Croatia,Europe & Central Asia,High income,304,196,108,1981.999277,6.7136178,82.45063782,11.38725376,33729.54558,20.6682803,77.9195122,3988775,56.0931701,2264.472776,113,191,2144.074578,32348.58886,20.13544322,10.96659565,82.85181427,55.90098874,4.682131227,4.727387819,7.725097241,7.670463306,10.42612946,10.38432568
HRV,2019,Croatia,Europe & Central Asia,High income,296,192,104,2223.27386,6.78699923,81.54315948,11.46475887,35122.79662,21.18221639,78.22439024,3949390,56.30324796,2383.783936,108,196,2264.472776,33729.54558,20.6682803,11.38725376,82.45063782,56.0931701,4.644390899,4.682131227,7.776444393,7.725097241,10.46660568,10.42612946
HRV,2020,Croatia,Europe & Central Asia,High income,322,216,106,2403.270905,7.68352938,81.77723694,10.44882107,32493.4017,21.66617602,77.52439024,3914206,56.52848634,2496.640066,104,192,2383.783936,35122.79662,21.18221639,11.46475887,81.54315948,56.30324796,4.663439094,4.644390899,7.822701133,7.776444393,10.38879232,10.46660568
HRV,2021,Croatia,Europe & Central Asia,High income,367,254,113,2950.43226,8.08265686,84.10276031,9.39887428,36930.0761,22.10066733,76.42439024,3878981,56.76835026,2984.931329,106,216,2496.640066,32493.4017,21.66617602,10.44882107,81.77723694,56.52848634,4.727387819,4.663439094,8.00133202,7.822701133,10.51678157,10.38879232
HRV,2022,Croatia,Europe & Central Asia,High income,,,,3021.255525,7.29636335,84.46141052,9.1891737,39863.91094,22.48470512,77.57560976,3855641,56.99775717,2908.615788,113,254,2984.931329,36930.0761,22.10066733,9.39887428,84.10276031,56.76835026,,4.727387819,7.975432573,8.00133202,10.59322671,10.51678157
HRV,2023,Croatia,Europe & Central Asia,High income,288,185,103,3229.33565,7.14699411,84.0160675,9.37740326,41320.258,22.81536546,78.47317073,3859686,57.24315607,2953.156405,,,2908.615788,39863.91094,22.48470512,9.1891737,84.46141052,56.99775717,4.634728988,,7.990629845,7.975432573,10.62910817,10.59322671
HUN,2010,Hungary,Europe & Central Asia,High income,481,314,167,1616.927445,7.46420383,66.6255722,27.41594887,27801.83382,16.49832949,74.20731707,10000023,69.5305481,2075.185545,,,1986.174173,27445.95946,16.30355837,26.23458099,67.98168182,68.45925903,5.117993812,,7.637805848,7.593965541,10.23285726,10.21997424
HUN,2011,Hungary,Europe & Central Asia,High income,466,303,163,1720.489402,7.49342251,66.21702576,28.21635818,28415.11734,16.70261418,74.85853659,9971727,69.47799341,2129.264799,167,314,2075.185545,27801.83382,16.49832949,27.41594887,66.6255722,69.5305481,5.093750201,5.117993812,7.663532034,7.637805848,10.25467658,10.23285726
HUN,2012,Hungary,Europe & Central Asia,High income,451,292,159,1722.257804,7.43047714,64.8403244,29.37169647,28179.65646,16.99204457,75.06341463,9920362,69.57723267,2093.882932,163,303,2129.264799,28415.11734,16.70261418,28.21635818,66.21702576,69.47799341,5.068904202,5.093750201,7.646775483,7.663532034,10.24635559,10.25467658
HUN,2013,Hungary,Europe & Central Asia,High income,429,277,152,1775.513203,7.23645353,66.20976257,28.36042023,28891.02175,17.321549,75.56585366,9872734,69.92776363,2090.685364,159,292,2093.882932,28179.65646,16.99204457,29.37169647,64.8403244,69.57723267,5.023880521,5.068904202,7.645247216,7.646775483,10.27128616,10.24635559
HUN,2014,Hungary,Europe & Central Asia,High income,425,275,150,1813.381197,7.04192352,66.72171021,28.33863068,30264.94923,17.68630178,75.76341463,9833038,70.30710535,2131.234578,152,277,2090.685364,28891.02175,17.321549,28.36042023,66.20976257,69.92776363,5.010635294,5.023880521,7.664456705,7.645247216,10.31774553,10.27128616
HUN,2015,Hungary,Europe & Central Asia,High income,430,279,151,1842.377769,6.8501935,67.78527832,27.48835373,31485.56754,18.05599047,75.56829268,9797755,70.48477173,2156.822301,150,275,2131.234578,30264.94923,17.68630178,28.33863068,66.72171021,70.30710535,5.017279837,5.010635294,7.676391261,7.664456705,10.35728455,10.31774553
HUN,2016,Hungary,Europe & Central Asia,High income,415,271,144,1959.380897,6.96752644,67.71111298,27.68942833,32378.9675,18.43826614,76.06341463,9759755,70.47338104,2256.013121,151,279,2156.822301,31485.56754,18.05599047,27.48835373,67.78527832,70.48477173,4.9698133,5.017279837,7.721354429,7.676391261,10.38526434,10.35728455
HUN,2017,Hungary,Europe & Central Asia,High income,420,273,147,1999.008519,6.73338366,68.46105957,27.24947357,33828.71494,18.77974938,75.81707317,9726756,70.45425415,2277.817164,144,271,2256.013121,32378.9675,18.43826614,27.68942833,67.71111298,70.47338104,4.990432587,4.9698133,7.730972879,7.721354429,10.42906528,10.38526434
HUN,2018,Hungary,Europe & Central Asia,High income,415,271,144,2112.944813,6.55460501,69.22134399,26.78894615,35798.04128,19.12923293,76.06585366,9706964,70.47117615,2346.420207,147,273,2277.817164,33828.71494,18.77974938,27.24947357,68.46105957,70.45425415,4.9698133,4.990432587,7.76064613,7.730972879,10.48564846,10.42906528
HUN,2019,Hungary,Europe & Central Asia,High income,404,262,142,2224.304312,6.24677849,68.32543945,27.78665924,37662.67681,19.60292299,76.3195122,9694824,70.45652771,2352.703994,144,271,2346.420207,35798.04128,19.12923293,26.78894615,69.22134399,70.47117615,4.955827058,4.9698133,7.763320581,7.76064613,10.53642488,10.48564846
HUN,2020,Hungary,Europe & Central Asia,High income,437,290,147,2567.842755,7.230515,70.47328949,26.14737511,36119.52117,20.09067377,75.4195122,9670419,70.29173279,2611.627396,142,262,2352.703994,37662.67681,19.60292299,27.78665924,68.32543945,70.45652771,4.990432587,4.955827058,7.86772883,7.763320581,10.49458875,10.53642488
HUN,2021,Hungary,Europe & Central Asia,High income,530,375,155,2846.404667,7.33524847,72.22007751,24.64035225,38887.19095,20.40501349,74.06585366,9630932,70.20592753,2852.472079,147,290,2611.627396,36119.52117,20.09067377,26.14737511,70.47328949,70.29173279,5.043425117,4.990432587,7.955941294,7.86772883,10.56842019,10.49458875
HUN,2022,Hungary,Europe & Central Asia,High income,422,276,146,2924.054545,6.6474123,72.67948914,24.01359367,40610.97114,20.60755931,75.86829268,9605074,70.15850642,2699.57869,155,375,2852.472079,38887.19095,20.40501349,24.64035225,72.22007751,70.20592753,4.983606622,5.043425117,7.900850999,7.955941294,10.61179353,10.56842019
HUN,2023,Hungary,Europe & Central Asia,High income,390,249,141,2875.206786,6.36868954,73.36637115,23.05996895,40333.25469,20.81908428,76.57073171,9592186,70.29230269,2568.699773,146,276,2699.57869,40610.97114,20.60755931,24.01359367,72.67948914,70.15850642,4.94875989,4.983606622,7.851155125,7.900850999,10.60493159,10.61179353
IRL,2010,Ireland,Europe & Central Asia,High income,206,128,78,4557.418921,10.52062798,76.17775726,13.79563713,59107.42207,11.37835923,80.74390244,4560155,61.89106893,6218.471985,,,6150.207296,58446.72633,11.07456914,12.70052719,77.07170868,61.64210227,4.356708827,,8.735279494,8.724241067,10.98711178,10.97587096
IRL,2011,Ireland,Europe & Central Asia,High income,209,132,77,4784.745675,10.4888649,72.1672287,13.58319378,59797.05373,11.71715231,80.74634146,4580084,62.08727358,6272.03218,78,128,6218.471985,59107.42207,11.37835923,13.79563713,76.17775726,61.89106893,4.343805422,4.356708827,8.743855693,8.735279494,10.99871167,10.98711178
IRL,2012,Ireland,Europe & Central Asia,High income,202,128,74,4905.343546,10.47466946,72.23596191,13.32511616,59303.03198,12.08224025,80.84634146,4599533,62.25293185,6211.79658,77,132,6272.03218,59797.05373,11.71715231,13.58319378,72.1672287,62.08727358,4.304065093,4.343805422,8.734205437,8.743855693,10.99041571,10.99871167
IRL,2013,Ireland,Europe & Central Asia,High income,196,125,71,4915.061853,10.0333004,71.04251862,13.7602396,60285.23761,12.44751401,80.94878049,4623816,62.40471578,6048.598987,74,128,6211.79658,59303.03198,12.08224025,13.32511616,72.23596191,62.25293185,4.262679877,4.304065093,8.707581952,8.734205437,11.00684254,10.99041571
IRL,2014,Ireland,Europe & Central Asia,High income,191,122,69,4879.991519,9.23077869,71.28594971,13.98668671,65463.19525,12.79519071,81.34878049,4657740,62.53540173,6042.762677,71,125,6048.598987,60285.23761,12.44751401,13.7602396,71.04251862,62.40471578,4.234106505,4.262679877,8.706616583,8.707581952,11.08924336,11.00684254
IRL,2015,Ireland,Europe & Central Asia,High income,183,114,69,5094.93824,7.07827806,71.79472351,13.51100063,80815.64153,13.11025421,81.45365854,4701957,62.63921235,5720.355823,69,122,6042.762677,65463.19525,12.79519071,13.98668671,71.28594971,62.53540173,4.234106505,4.234106505,8.651786289,8.706616583,11.29992581,11.08924336
IRL,2016,Ireland,Europe & Central Asia,High income,179,114,65,5399.146589,7.3382206,72.15575409,13.47187138,80760.09741,13.39209211,81.65365854,4762722,62.72293991,5926.354105,69,114,5720.355823,80815.64153,13.11025421,13.51100063,71.79472351,62.63921235,4.17438727,4.234106505,8.687164481,8.651786289,11.29923828,11.29992581
IRL,2017,Ireland,Europe & Central Asia,High income,165,106,59,5597.701785,6.91718578,72.57151794,13.108531,87731.7897,13.67204541,82.15609756,4827445,62.90351965,6068.570882,65,114,5926.354105,80760.09741,13.39209211,13.47187138,72.15575409,62.72293991,4.077537444,4.17438727,8.710878417,8.687164481,11.3820396,11.29923828
IRL,2018,Ireland,Europe & Central Asia,High income,172,109,63,5873.420994,6.74710846,73.59607697,12.65782166,93115.83935,13.9535917,82.20487805,4898022,63.08445035,6282.626674,59,106,6068.570882,87731.7897,13.67204541,13.108531,72.57151794,62.90351965,4.143134726,4.077537444,8.745543432,8.710878417,11.44159958,11.3820396
IRL,2019,Ireland,Europe & Central Asia,High income,161,104,57,6135.173496,6.61860561,73.82551575,12.65658474,96205.79616,14.24377788,82.70243902,4976456,63.27370092,6367.482222,63,109,6282.626674,93115.83935,13.9535917,12.65782166,73.59607697,63.08445035,4.043051268,4.143134726,8.758959415,8.745543432,11.47424489,11.44159958
IRL,2020,Ireland,Europe & Central Asia,High income,172,116,56,6856.750981,6.97323275,77.611763,11.43556595,101793.4475,14.56214734,82.45609756,5039747,63.47133667,7098.29402,57,104,6367.482222,96205.79616,14.24377788,12.65658474,73.82551575,63.27370092,4.025351691,4.043051268,8.867609755,8.758959415,11.53070101,11.47424489
IRL,2021,Ireland,Europe & Central Asia,High income,176,121,55,7594.850256,6.44113493,76.68099213,11.52564526,116702.8582,14.85357594,82.25365854,5110585,63.67742294,7516.988562,56,116,7098.29402,101793.4475,14.56214734,11.43556595,77.611763,63.47133667,4.007333185,4.025351691,8.92492088,8.867609755,11.66738631,11.53070101
IRL,2022,Ireland,Europe & Central Asia,High income,166,109,57,8287.652909,6.02078247,76.50776672,11.55095387,123007.4765,15.16194031,82.5097561,5212836,63.89202502,7406.012581,55,121,7516.988562,116702.8582,14.85357594,11.52564526,76.68099213,63.67742294,4.043051268,4.007333185,8.91004746,8.92492088,11.72000042,11.66738631
IRL,2023,Ireland,Europe & Central Asia,High income,,,,8269.124965,6.57538509,76.59344482,11.29947281,117659.7286,15.54170684,82.80731707,5311538,64.11520825,7736.580251,57,109,7406.012581,123007.4765,15.16194031,11.55095387,76.50776672,63.89202502,,4.043051268,8.953715041,8.91004746,11.67555208,11.72000042
ISL,2010,Iceland,Europe & Central Asia,High income,167,116,51,3324.105278,8.36173058,79.86060333,18.66119576,57225.10243,12.13516555,81.89756098,318041,93.45883481,4785.008889,,,5128.329515,58441.27197,11.80212924,16.8747921,81.63837433,93.44413406,3.931825633,,8.473243162,8.542535255,10.95474793,10.97577763
ISL,2011,Iceland,Europe & Central Asia,High income,159,110,49,3378.031355,8.25498867,80.13246918,18.38645554,57837.86046,12.45076566,82.35853659,319014,93.41106112,4774.508828,51,116,4785.008889,57225.10243,12.13516555,18.66119576,79.86060333,93.45883481,3.891820298,3.931825633,8.471046384,8.473243162,10.96539887,10.95474793
ISL,2012,Iceland,Europe & Central Asia,High income,154,106,48,3456.007369,8.23091221,80.04199219,18.45556641,58203.63795,12.7719225,82.91707317,320716,93.51489258,4790.690342,49,110,4774.508828,57837.86046,12.45076566,18.38645554,80.13246918,93.41106112,3.871201011,3.891820298,8.474429802,8.471046384,10.97170314,10.96539887
ISL,2013,Iceland,Europe & Central Asia,High income,161,108,53,3651.996753,8.22651291,80.35533905,18.14305305,59729.54398,13.07020537,82.06097561,323764,93.61667252,4913.658646,48,106,4790.690342,58203.63795,12.7719225,18.45556641,80.04199219,93.51489258,3.970291914,3.871201011,8.499774085,8.474429802,10.99758205,10.97170314
ISL,2014,Iceland,Europe & Central Asia,High income,145,97,48,3811.879223,8.29044247,80.63890076,17.84677696,60199.19949,13.36193275,82.86097561,327386,93.61967163,4990.780001,53,108,4913.658646,59729.54398,13.07020537,18.14305305,80.35533905,93.61667252,3.871201011,3.970291914,8.515347489,8.499774085,11.00541433,10.99758205
ISL,2015,Iceland,Europe & Central Asia,High income,154,103,51,4000.069478,8.13121986,80.95484924,17.50760269,61820.36189,13.67934577,82.46829268,330815,93.72791977,5026.749543,48,97,4990.780001,60199.19949,13.36193275,17.84677696,80.63890076,93.61967163,3.931825633,3.871201011,8.52252884,8.515347489,11.03198807,11.00541433
ISL,2016,Iceland,Europe & Central Asia,High income,158,110,48,4359.947931,8.15569115,81.64149475,16.74673653,64759.22754,13.92139129,82.20487805,335439,93.78226471,5281.562589,51,103,5026.749543,61820.36189,13.67934577,17.50760269,80.95484924,93.72791977,3.871201011,3.931825633,8.571977278,8.52252884,11.07843148,11.03198807
ISL,2017,Iceland,Europe & Central Asia,High income,151,104,47,4629.747,8.3243084,81.9998703,16.32500076,65462.50333,14.02287709,82.66097561,343400,93.77189823,5449.300664,48,110,5281.562589,64759.22754,13.92139129,16.74673653,81.64149475,93.78226471,3.850147602,3.871201011,8.603242561,8.571977278,11.08923279,11.07843148
ISL,2018,Iceland,Europe & Central Asia,High income,148,96,52,4824.62937,8.43817616,82.50614166,15.82414627,66703.02194,14.12099622,82.86097561,352721,93.8526667,5628.518495,47,104,5449.300664,65462.50333,14.02287709,16.32500076,81.9998703,93.77189823,3.951243719,3.850147602,8.635601542,8.603242561,11.10800554,11.08923279
ISL,2019,Iceland,Europe & Central Asia,High income,135,87,48,5227.256751,8.63996315,82.92933655,15.4256382,65994.986,14.299299,83.16341463,360563,93.97708474,5701.942472,52,96,5628.518495,66703.02194,14.12099622,15.82414627,82.50614166,93.8526667,3.871201011,3.951243719,8.64856218,8.635601542,11.09733405,11.10800554
ISL,2020,Iceland,Europe & Central Asia,High income,131,83,48,5381.659842,9.64908886,83.4431839,14.87056255,60617.14327,14.5643647,83.06341463,366463,94.13671029,5849.002018,48,87,5701.942472,65994.986,14.299299,15.4256382,82.92933655,93.97708474,3.871201011,3.871201011,8.674026331,8.64856218,11.01233302,11.09733405
ISL,2021,Iceland,Europe & Central Asia,High income,142,93,49,5986.982,9.72073746,83.78192139,14.54324341,62720.79168,14.8686345,83.16585366,372520,94.21082064,6096.923492,48,83,5849.002018,60617.14327,14.5643647,14.87056255,83.4431839,94.13671029,3.891820298,3.871201011,8.715539577,8.674026331,11.04644828,11.01233302
ISL,2022,Iceland,Europe & Central Asia,High income,152,102,50,6697.05208,9.08145332,84.68106842,13.67356491,66581.24418,15.11099485,82.1195122,382003,94.17870712,6046.54461,49,93,6096.923492,62720.79168,14.8686345,14.54324341,83.78192139,94.21082064,3.912023005,3.891820298,8.707242249,8.715539577,11.1061782,11.04644828
ISL,2023,Iceland,Europe & Central Asia,High income,152,103,49,6618.188851,8.70510101,83.62537384,14.68500805,69268.12214,15.34830316,82.45609756,385663,94.15182618,6029.86,50,102,6046.54461,66581.24418,15.11099485,13.67356491,84.68106842,94.17870712,3.891820298,3.912023005,8.704479072,8.707242249,11.14574008,11.1061782
ISR,2010,Israel,"Middle East, North Africa, Afghanistan & Pakistan",High income,170,94,76,2096.734466,6.85038328,62.80175781,23.8116951,37686.34208,9.897788321,81.60243902,7623600,91.73164267,2581.658877,,,2498.232896,36364.78432,9.831148516,25.41890717,61.21595764,91.73197386,4.33073334,,7.856187447,7.823338919,10.53705303,10.50135612
ISR,2011,Israel,"Middle East, North Africa, Afghanistan & Pakistan",High income,167,91,76,2215.29927,6.80594969,62.58883667,23.7593441,39036.02474,10.07374158,81.65609756,7765800,91.73040247,2656.772204,76,94,2581.658877,37686.34208,9.897788321,23.8116951,62.80175781,91.73164267,4.33073334,4.33073334,7.884867208,7.856187447,10.57224021,10.53705303
ISR,2012,Israel,"Middle East, North Africa, Afghanistan & Pakistan",High income,161,87,74,2344.715639,6.94185257,62.60700607,23.40835571,39245.50781,10.34219507,81.70487805,7910500,91.72765028,2724.365293,76,91,2656.772204,39036.02474,10.07374158,23.7593441,62.58883667,91.73040247,4.304065093,4.33073334,7.90999076,7.884867208,10.57759227,10.57224021
ISR,2013,Israel,"Middle East, North Africa, Afghanistan & Pakistan",High income,155,84,71,2514.027228,6.94074392,63.4185791,22.65417099,40095.47568,10.58999695,82.05609756,8059500,91.72278315,2782.92429,74,87,2724.365293,39245.50781,10.34219507,23.40835571,62.60700607,91.72765028,4.262679877,4.304065093,7.931257557,7.90999076,10.59901878,10.57759227
ISR,2014,Israel,"Middle East, North Africa, Afghanistan & Pakistan",High income,150,82,68,2546.280257,7.02990532,63.13245392,23.01003265,40795.62909,10.79529792,82.15365854,8215700,91.71519809,2867.8941,71,84,2782.92429,40095.47568,10.58999695,22.65417099,63.4185791,91.72278315,4.219507705,4.262679877,7.961333276,7.931257557,10.61633022,10.59901878
ISR,2015,Israel,"Middle East, North Africa, Afghanistan & Pakistan",High income,152,82,70,2620.645489,7.02090645,63.4168129,22.50102615,40889.59891,11.01782666,82.05121951,8380100,91.70429216,2870.820487,68,82,2867.8941,40795.62909,10.79529792,23.01003265,63.13245392,91.71519809,4.248495242,4.219507705,7.962353152,7.961333276,10.618631,10.61633022
ISR,2016,Israel,"Middle East, North Africa, Afghanistan & Pakistan",High income,144,77,67,2822.07615,7.09919167,63.31613159,22.82260704,41914.5803,11.26139928,82.40731707,8546000,91.68946236,2975.596393,70,82,2870.820487,40889.59891,11.01782666,22.50102615,63.4168129,91.70429216,4.204692619,4.248495242,7.998199766,7.962353152,10.64338902,10.618631
ISR,2017,Israel,"Middle East, North Africa, Afghanistan & Pakistan",High income,136,73,63,2949.819774,7.17189407,63.88255692,22.43102837,42895.58513,11.49246457,82.55121951,8713300,91.67010575,3076.425926,67,77,2975.596393,41914.5803,11.26139928,22.82260704,63.31613159,91.68946236,4.143134726,4.204692619,8.031523789,7.998199766,10.66652419,10.64338902
ISR,2018,Israel,"Middle East, North Africa, Afghanistan & Pakistan",High income,134,73,61,3035.326137,7.23550367,64.66484833,21.83692932,43782.65265,11.70129517,82.80243902,8882800,91.64561935,3167.895439,63,73,3076.425926,42895.58513,11.49246457,22.43102837,63.88255692,91.67010575,4.110873864,4.143134726,8.060822747,8.031523789,10.68699296,10.66652419
ISR,2019,Israel,"Middle East, North Africa, Afghanistan & Pakistan",High income,133,72,61,3114.748554,7.20701885,64.81515503,21.35632706,44492.1227,11.88549917,82.80487805,9054000,91.6154002,3206.55567,61,73,3167.895439,43782.65265,11.70129517,21.83692932,64.66484833,91.64561935,4.110873864,4.110873864,8.07295264,8.060822747,10.70306743,10.68699296
ISR,2020,Israel,"Middle East, North Africa, Afghanistan & Pakistan",High income,141,83,58,3322.781313,7.74801874,67.88335419,20.42716408,42926.54154,12.05287706,82.64878049,9215100,91.57884532,3325.956483,61,72,3206.55567,44492.1227,11.88549917,21.35632706,64.81515503,91.6154002,4.060443011,4.110873864,8.109512576,8.07295264,10.6672456,10.70306743
ISR,2021,Israel,"Middle East, North Africa, Afghanistan & Pakistan",High income,150,93,57,3792.332321,7.83961058,71.4715271,17.47307587,46151.10082,12.1979896,82.5,9371400,91.53535175,3618.066583,58,83,3325.956483,42926.54154,12.05287706,20.42716408,67.88335419,91.57884532,4.043051268,4.060443011,8.193695069,8.109512576,10.73967609,10.6672456
ISR,2022,Israel,"Middle East, North Africa, Afghanistan & Pakistan",High income,134,78,56,4004.164953,7.12004995,62.08139801,24.68896103,48132.36372,12.30303661,82.7,9557500,91.49798343,3427.048339,57,93,3618.066583,46151.10082,12.1979896,17.47307587,71.4715271,91.53535175,4.025351691,4.043051268,8.139454627,8.193695069,10.78171007,10.73967609
ISR,2023,Israel,"Middle East, North Africa, Afghanistan & Pakistan",High income,123,69,54,4033.244982,7.09822369,65.24039459,20.48583984,47671.24769,12.41570889,83.19512195,9849000,91.50895698,3383.811797,56,78,3427.048339,48132.36372,12.30303661,24.68896103,62.08139801,91.49798343,3.988984047,4.025351691,8.126758104,8.139454627,10.77208372,10.78171007
ITA,2010,Italy,Europe & Central Asia,High income,168,105,63,3112.514265,8.87928963,78.45359039,20.54892731,49301.69591,20.45896121,82.03658537,59819407,68.21637418,4377.640373,,,4347.217395,48774.39168,20.3135164,20.66364479,78.30512238,68.04942395,4.143134726,,8.384265131,8.37729124,10.80571376,10.79496069
ITA,2011,Italy,Europe & Central Asia,High income,168,105,63,3180.65463,8.728508,77.01277924,22.02705574,49473.01492,20.68793389,82.18780488,60026841,68.40150739,4318.256065,63,105,4377.640373,49301.69591,20.45896121,20.54892731,78.45359039,68.21637418,4.143134726,4.143134726,8.370606911,8.384265131,10.80918265,10.80571376
ITA,2012,Italy,Europe & Central Asia,High income,164,102,62,3196.706314,8.7983427,75.35707092,22.54990578,47795.95794,20.99664448,82.23902439,60191247,68.76087942,4205.252176,63,105,4318.256065,49473.01492,20.68793389,22.02705574,77.01277924,68.40150739,4.127134385,4.143134726,8.344089541,8.370606911,10.77469635,10.80918265
ITA,2013,Italy,Europe & Central Asia,High income,157,98,59,3206.509894,8.7897644,75.18122101,22.74235916,46833.36153,21.33067242,82.6902439,60311613,69.30739899,4116.542139,62,102,4205.252176,47795.95794,20.99664448,22.54990578,75.35707092,68.76087942,4.077537444,4.127134385,8.322768803,8.344089541,10.75435108,10.77469635
ITA,2014,Italy,Europe & Central Asia,High income,151,94,57,3246.905797,8.85913563,74.93444824,22.95617104,46825.65112,21.69787401,83.0902439,60320707,69.58076386,4148.347943,59,98,4116.542139,46833.36153,21.33067242,22.74235916,75.18122101,69.30739899,4.043051268,4.077537444,8.330465448,8.322768803,10.75418643,10.75435108
ITA,2015,Italy,Europe & Central Asia,High income,154,95,59,3304.286207,8.84596729,74.01602936,23.79615784,47311.82553,22.02852561,82.54390244,60229605,69.61000061,4185.18861,57,94,4148.347943,46825.65112,21.69787401,22.95617104,74.93444824,69.58076386,4.077537444,4.043051268,8.33930705,8.330465448,10.76451555,10.75418643
ITA,2016,Italy,Europe & Central Asia,High income,147,92,55,3527.412269,8.72043991,73.93843079,23.69392776,47987.83796,22.30958864,83.24390244,60115223,69.59692325,4184.750573,59,95,4185.18861,47311.82553,22.02852561,23.79615784,74.01602936,69.61000061,4.007333185,4.077537444,8.339202381,8.33930705,10.77870288,10.76451555
ITA,2017,Italy,Europe & Central Asia,High income,146,91,55,3658.493238,8.69060516,73.32312775,24.12751389,48849.21835,22.55866909,82.94634146,60002252,69.51807843,4245.292691,55,92,4184.750573,47987.83796,22.30958864,23.69392776,73.93843079,69.59692325,4.007333185,4.007333185,8.353566046,8.339202381,10.79649366,10.77870288
ITA,2018,Italy,Europe & Central Asia,High income,142,88,54,3768.189798,8.65467453,73.36440277,23.96560478,49355.87519,22.80621433,83.34634146,59877221,69.48000336,4271.590359,55,91,4245.292691,48849.21835,22.55866909,24.12751389,73.32312775,69.51807843,3.988984047,4.007333185,8.359741486,8.353566046,10.80681209,10.79649366
ITA,2019,Italy,Europe & Central Asia,High income,136,84,52,4014.208801,8.61536789,73.24338531,23.87487411,49690.62985,23.10417109,83.49756098,59729081,69.50500107,4281.030568,54,88,4271.590359,49355.87519,22.80621433,23.96560478,73.36440277,69.48000336,3.951243719,3.988984047,8.361949047,8.359741486,10.81357166,10.80681209
ITA,2020,Italy,Europe & Central Asia,High income,163,108,55,4235.520229,9.5643034,75.82595062,21.48380089,45505.06887,23.37923323,82.19512195,59438851,69.51874924,4352.242849,52,84,4281.030568,49690.62985,23.10417109,23.87487411,73.24338531,69.50500107,4.007333185,3.951243719,8.378446589,8.361949047,10.725579,10.81357166
ITA,2021,Italy,Europe & Central Asia,High income,159,106,53,4616.571686,9.28164482,74.52562714,22.81378746,49825.39341,23.66197355,82.64634146,59133173,69.48125076,4624.616047,55,108,4352.242849,45505.06887,23.37923323,21.48380089,75.82595062,69.51874924,3.970291914,4.007333185,8.43914863,8.378446589,10.81628004,10.725579
ITA,2022,Italy,Europe & Central Asia,High income,145,93,52,4976.636237,8.85022926,73.71037292,23.32074165,52333.32743,23.92918969,82.7,59013667,69.48397798,4631.619457,53,106,4624.616047,49825.39341,23.66197355,22.81378746,74.52562714,69.48125076,3.951243719,3.970291914,8.440661861,8.43914863,10.86538868,10.81628004
ITA,2023,Italy,Europe & Central Asia,High income,133,82,51,4865.977955,8.40559483,73.07653809,23.64643097,52842.62888,24.21878315,83.35121951,58984216,69.53815401,4441.737281,52,93,4631.619457,52333.32743,23.92918969,23.32074165,73.71037292,69.48397798,3.931825633,3.951243719,8.398800859,8.440661861,10.87507351,10.86538868
JPN,2010,Japan,East Asia & Pacific,High income,176,115,61,3199.567348,9.0630064,81.92724609,14.57035923,41647.04585,23.09802588,82.84268293,128070000,90.62285868,3774.474431,,,3583.50808,39999.94642,22.76246851,15.15913296,81.29418182,90.11311587,4.110873864,,8.236016428,8.18409751,10.63698572,10.59663339
JPN,2011,Japan,East Asia & Pacific,High income,182,121,61,3790.287616,10.48780155,83.74062347,13.12178326,41640.66087,23.65273951,82.59121951,127833000,90.86316544,4367.189876,61,115,3774.474431,41647.04585,23.09802588,14.57035923,81.92724609,90.62285868,4.110873864,4.110873864,8.381875032,8.236016428,10.63683239,10.63698572
JPN,2012,Japan,East Asia & Pacific,High income,166,107,59,4003.804792,10.67169094,83.93068695,12.9723444,42394.94332,24.51267833,83.09609756,127629000,91.02652773,4524.257325,61,121,4367.189876,41640.66087,23.65273951,13.12178326,83.74062347,90.86316544,4.077537444,4.110873864,8.417208716,8.381875032,10.65478437,10.63683239
JPN,2013,Japan,East Asia & Pacific,High income,162,104,58,4196.748671,10.67438698,84.26091003,12.70128059,43304.11819,25.41206358,83.33195122,127445000,91.15165957,4622.449154,59,107,4524.257325,42394.94332,24.51267833,12.9723444,83.93068695,91.02652773,4.060443011,4.077537444,8.438679964,8.417208716,10.67600302,10.65478437
JPN,2014,Japan,East Asia & Pacific,High income,157,100,57,4236.89481,10.7290144,84.11785889,12.8696804,43754.43801,26.22618834,83.58780488,127276000,91.25489451,4694.419955,58,104,4622.449154,43304.11819,25.41206358,12.70128059,84.26091003,91.15165957,4.043051268,4.060443011,8.454129839,8.438679964,10.68634833,10.67600302
JPN,2015,Japan,East Asia & Pacific,High income,152,97,55,4392.676297,10.74969959,84.08298492,12.94767094,44589.30329,26.92300342,83.79390244,127141000,91.35326441,4793.216152,57,100,4694.419955,43754.43801,26.22618834,12.8696804,84.11785889,91.25489451,4.007333185,4.043051268,8.474956896,8.454129839,10.70524927,10.68634833
JPN,2016,Japan,East Asia & Pacific,High income,148,93,55,4324.339917,10.65891552,84.03720856,12.85439873,44926.62029,27.51202814,83.98487805,127076000,91.45412549,4788.690503,55,97,4793.216152,44589.30329,26.92300342,12.94767094,84.08298492,91.35326441,4.007333185,4.007333185,8.474012272,8.474956896,10.71278578,10.70524927
JPN,2017,Japan,East Asia & Pacific,High income,143,91,52,4413.186292,10.65627098,84.21469116,12.65492725,45693.37761,27.97782138,84.0997561,126972000,91.54984197,4869.210138,55,93,4788.690503,44926.62029,27.51202814,12.85439873,84.03720856,91.45412549,3.951243719,4.007333185,8.490687014,8.474012272,10.72970866,10.71278578
JPN,2018,Japan,East Asia & Pacific,High income,140,89,51,4522.341392,10.73988247,83.77095032,12.99456692,46133.0226,28.34521633,84.21097561,126811000,91.63773186,4954.632407,52,91,4869.210138,45693.37761,27.97782138,12.65492725,84.21469116,91.54984197,3.931825633,3.951243719,8.508078258,8.490687014,10.7392843,10.72970866
JPN,2019,Japan,East Asia & Pacific,High income,137,86,51,4679.332188,10.96998405,83.96395111,12.9017725,46055.34987,28.62877075,84.35634146,126633000,91.71642079,5052.264535,51,89,4954.632407,46133.0226,28.34521633,12.99456692,83.77095032,91.63773186,3.931825633,3.931825633,8.527591844,8.508078258,10.73759921,10.7392843
JPN,2020,Japan,East Asia & Pacific,High income,134,85,49,4855.960758,11.44974613,85.3972702,11.5586462,44212.55034,28.91817438,84.56,126261000,91.78099263,5062.224772,51,86,5052.264535,46055.34987,28.62877075,12.9017725,83.96395111,91.71642079,3.891820298,3.931825633,8.529561344,8.527591844,10.69676397,10.73759921
JPN,2021,Japan,East Asia & Pacific,High income,135,86,49,5358.70264,12.08108234,86.26395416,10.81970024,45999.4618,29.21699707,84.44560976,125681593,91.87410493,5557.232856,49,85,5062.224772,44212.55034,28.91817438,11.5586462,85.3972702,91.78099263,3.891820298,3.891820298,8.622855576,8.529561344,10.73638498,10.69676397
JPN,2022,Japan,East Asia & Pacific,High income,140,89,51,5845.991795,12.32275677,86.02036285,11.1480875,46819.36061,29.40264731,83.99634146,125124989,91.97765324,5769.43593,49,86,5557.232856,45999.4618,29.21699707,10.81970024,86.26395416,91.87410493,3.931825633,3.891820298,8.660329596,8.622855576,10.75405208,10.73638498
JPN,2023,Japan,East Asia & Pacific,High income,138,87,51,5365.075006,10.73979473,84.8254776,12.23568153,47387.21725,29.56181008,84.04121951,124516650,92.08269039,5089.289861,51,89,5769.43593,46819.36061,29.40264731,11.1480875,86.02036285,91.97765324,3.931825633,3.931825633,8.534893583,8.660329596,10.76610779,10.75405208
KOR,2010,"Korea, Rep.",East Asia & Pacific,High income,228,165,63,1948.687548,5.79390717,55.29446411,38.7785759,39574.05007,10.99169442,80.11707317,49554112,81.9685076,2292.883725,,,2113.559848,37176.19393,10.61313731,39.17741013,54.99868774,81.92450451,4.143134726,,7.737565573,7.656128937,10.58592888,10.52342389
KOR,2011,"Korea, Rep.",East Asia & Pacific,High income,216,156,60,2036.700517,5.90292883,54.54003143,38.95240021,40719.22738,11.35038362,80.56829268,49936638,81.96154081,2403.627012,63,165,2292.883725,39574.05007,10.99169442,38.7785759,55.29446411,81.9685076,4.094344562,4.143134726,7.784734131,7.737565573,10.61445568,10.58592888
KOR,2012,"Korea, Rep.",East Asia & Pacific,High income,206,147,59,2114.107834,5.9576025,54.34591675,38.67206955,41537.67286,11.7033966,80.8195122,50199853,81.90878982,2474.649437,60,156,2403.627012,40719.22738,11.35038362,38.95240021,54.54003143,81.96154081,4.077537444,4.094344562,7.813854023,7.784734131,10.63435607,10.61445568
KOR,2013,"Korea, Rep.",East Asia & Pacific,High income,194,139,55,2190.778605,6.06858635,54.66819763,38.26380157,42709.97519,12.09714326,81.27073171,50428893,81.82693835,2591.891724,59,147,2474.649437,41537.67286,11.7033966,38.67206955,54.34591675,81.90878982,4.007333185,4.077537444,7.860143284,7.813854023,10.66218778,10.63435607
KOR,2014,"Korea, Rep.",East Asia & Pacific,High income,185,132,53,2322.112054,6.24487352,54.54628372,37.55163574,43806.9251,12.52540919,81.72195122,50746659,81.73156828,2735.687065,55,139,2591.891724,42709.97519,12.09714326,38.26380157,54.66819763,81.82693835,3.970291914,4.007333185,7.914137896,7.860143284,10.68754719,10.66218778
KOR,2015,"Korea, Rep.",East Asia & Pacific,High income,177,125,52,2573.422877,6.46202612,54.28751755,37.70632935,44849.10677,12.95468571,82.02439024,51014947,81.63948986,2898.160994,53,132,2735.687065,43806.9251,12.52540919,37.55163574,54.54628372,81.73156828,3.951243719,3.970291914,7.971831675,7.914137896,10.71105895,10.68754719
KOR,2016,"Korea, Rep.",East Asia & Pacific,High income,170,119,51,2760.953886,6.6356945,55.02378845,36.48467636,46088.24308,13.36310385,82.27560976,51217803,81.55592418,3058.275011,52,125,2898.160994,44849.10677,12.95468571,37.70632935,54.28751755,81.63948986,3.931825633,3.951243719,8.025606314,7.971831675,10.73831317,10.71105895
KOR,2017,"Korea, Rep.",East Asia & Pacific,High income,159,111,48,2926.771179,6.79827499,55.71164703,35.78922272,47536.78986,13.87374621,82.62682927,51361911,81.47103043,3231.681696,51,119,3058.275011,46088.24308,13.36310385,36.48467636,55.02378845,81.55592418,3.871201011,3.931825633,8.08075793,8.025606314,10.76925921,10.73831317
KOR,2018,"Korea, Rep.",East Asia & Pacific,High income,154,107,47,3246.986777,7.14222002,56.50457764,34.67647934,48834.44712,14.45437602,82.62682927,51585058,81.3823523,3487.863659,48,111,3231.681696,47536.78986,13.87374621,35.78922272,55.71164703,81.47103043,3.850147602,3.871201011,8.157044696,8.08075793,10.79619123,10.76925921
KOR,2019,"Korea, Rep.",East Asia & Pacific,High income,147,103,44,3578.350673,7.69397116,57.6076889,32.83717346,49790.86799,15.06348844,83.22682927,51764822,81.29010635,3830.895023,47,107,3487.863659,48834.44712,14.45437602,34.67647934,56.50457764,81.3823523,3.784189634,3.850147602,8.250853742,8.157044696,10.81558687,10.79619123
KOR,2020,"Korea, Rep.",East Asia & Pacific,High income,142,99,43,3841.907965,8.02722836,58.18780136,31.79624748,49374.09261,15.82216595,83.42682927,51836239,81.17595956,3963.371165,44,103,3830.895023,49790.86799,15.06348844,32.83717346,57.6076889,81.29010635,3.761200116,3.784189634,8.284850246,8.250853742,10.80718112,10.81558687
KOR,2021,"Korea, Rep.",East Asia & Pacific,High income,143,99,44,4308.873553,8.34412766,60.84796143,29.71744347,51718.25187,16.65964122,83.52682927,51769539,81.16165265,4315.436959,43,99,3963.371165,49374.09261,15.82216595,31.79624748,58.18780136,81.17595956,3.784189634,3.761200116,8.369953864,8.284850246,10.85356603,10.80718112
KOR,2022,"Korea, Rep.",East Asia & Pacific,High income,151,106,45,4868.658705,8.8595314,62.34436417,29.27519035,53228.60357,17.48464634,82.6804878,51672569,81.16249416,4715.804847,44,99,4315.436959,51718.25187,16.65964122,29.71744347,60.84796143,81.16165265,3.80666249,3.784189634,8.45867488,8.369953864,10.88235119,10.85356603
KOR,2023,"Korea, Rep.",East Asia & Pacific,High income,139,95,44,4797.575013,8.5650692,58.5876236,31.75381851,54029.3435,18.33502358,83.42926829,51712619,81.16455517,4627.650659,45,106,4715.804847,53228.60357,17.48464634,29.27519035,62.34436417,81.16249416,3.784189634,3.80666249,8.439804601,8.45867488,10.89728258,10.88235119
LTU,2010,Lithuania,Europe & Central Asia,High income,527,340,187,1349.813901,6.9058671,71.08982086,27.59107971,26897.72437,17.60977713,73.26829268,3097282,66.77128601,1857.521098,,,1926.411136,26227.52302,17.2804966,26.81708145,71.87563324,66.78166199,5.231108617,,7.526998135,7.563414036,10.19979697,10.17456464
LTU,2011,Lithuania,Europe & Central Asia,High income,508,325,183,1472.818701,6.54017687,70.33172607,28.22128105,29251.87747,17.98849418,73.56341463,3028115,66.75183401,1913.124524,187,340,1857.521098,26897.72437,17.60977713,27.59107971,71.08982086,66.77128601,5.209486153,5.231108617,7.556493061,7.526998135,10.28369904,10.19979697
LTU,2012,Lithuania,Europe & Central Asia,High income,499,318,181,1542.193236,6.30798101,66.61579895,31.80083847,30932.09832,18.17997313,73.86341463,2989139,66.85367584,1951.190888,183,325,1913.124524,29251.87747,17.98849418,28.22128105,70.33172607,66.75183401,5.198497031,5.209486153,7.576195177,7.556493061,10.3395497,10.28369904
LTU,2013,Lithuania,Europe & Central Asia,High income,489,312,177,1627.62047,6.15501022,65.59049988,32.82086945,32487.00082,18.35773564,73.91463415,2961250,67.00920868,1999.578221,181,318,1951.190888,30932.09832,18.17997313,31.80083847,66.61579895,66.85367584,5.176149733,5.198497031,7.600691548,7.576195177,10.38859531,10.3395497
LTU,2014,Lithuania,Europe & Central Asia,High income,462,295,167,1736.373342,6.22244453,66.57397461,31.49276161,33988.0149,18.60352015,74.51707317,2937253,67.15149376,2114.885374,177,312,1999.578221,32487.00082,18.35773564,32.82086945,65.59049988,67.00920868,5.117993812,5.176149733,7.656755893,7.600691548,10.43376324,10.38859531
LTU,2015,Lithuania,Europe & Central Asia,High income,469,293,176,1858.083058,6.47396851,66.08770752,31.83712196,35264.71492,18.88030136,74.32195122,2911109,67.2282486,2283.026539,167,295,2114.885374,33988.0149,18.60352015,31.49276161,66.57397461,67.15149376,5.170483995,5.117993812,7.733257271,7.656755893,10.47063817,10.43376324
LTU,2016,Lithuania,Europe & Central Asia,High income,454,285,169,2033.268782,6.64928818,65.75756073,32.31705093,36632.08328,19.17577562,74.67073171,2877325,67.18942261,2435.772784,176,293,2283.026539,35264.71492,18.88030136,31.83712196,66.08770752,67.2282486,5.129898715,5.170483995,7.79801935,7.733257271,10.50867973,10.47063817
LTU,2017,Lithuania,Europe & Central Asia,High income,412,260,152,2152.437696,6.44472837,65.46350098,32.27551651,38789.24632,19.50440257,75.4804878,2842639,67.10129547,2499.861562,169,285,2435.772784,36632.08328,19.17577562,32.31705093,65.75756073,67.18942261,5.023880521,5.129898715,7.823990634,7.79801935,10.56589833,10.50867973
LTU,2018,Lithuania,Europe & Central Asia,High income,400,247,153,2354.802642,6.46896172,65.99188232,31.51578522,41035.40182,19.73093098,75.6804878,2819200,67.1464742,2654.564435,152,260,2499.861562,38789.24632,19.50440257,32.27551651,65.46350098,67.10129547,5.030437921,5.023880521,7.884035866,7.823990634,10.62219043,10.56589833
LTU,2019,Lithuania,Europe & Central Asia,High income,390,241,149,2815.934143,6.94472647,65.08876801,32.27022552,43078.71186,19.8571908,76.28292683,2811089,67.24573517,2991.698705,153,247,2654.564435,41035.40182,19.73093098,31.51578522,65.99188232,67.1464742,5.003946306,5.030437921,8.003596634,7.884035866,10.67078423,10.62219043
LTU,2020,Lithuania,Europe & Central Asia,High income,449,285,164,3060.549375,7.41619062,68.69542694,28.66090393,43108.19761,19.93415397,75.02926829,2810369,67.42546082,3196.986107,149,241,2991.698705,43078.71186,19.8571908,32.27022552,65.08876801,67.24573517,5.099866428,5.003946306,8.069963804,8.003596634,10.67146846,10.67078423
LTU,2021,Lithuania,Europe & Central Asia,High income,481,326,155,3543.986043,7.73210812,67.40434265,29.93124008,45897.3715,19.94698491,74.03658537,2808380,68.1912117,3548.834389,164,285,3196.986107,43108.19761,19.93415397,28.66090393,68.69542694,67.42546082,5.043425117,5.099866428,8.174374487,8.069963804,10.73416313,10.67146846
LTU,2022,Lithuania,Europe & Central Asia,High income,409,258,151,3691.366821,7.24367952,65.35279846,31.80231094,46642.59473,19.86075569,75.64390244,2831639,68.28664524,3378.640082,155,326,3548.834389,45897.3715,19.94698491,29.93124008,67.40434265,68.1912117,5.017279837,5.043425117,8.125228565,8.174374487,10.75026945,10.73416313
LTU,2023,Lithuania,Europe & Central Asia,High income,356,222,134,3818.700368,7.31801939,65.02508545,31.02016449,46333.9007,19.85617878,77.2902439,2871585,68.57545458,3390.723837,151,258,3378.640082,46642.59473,19.86075569,31.80231094,65.35279846,68.28664524,4.8978398,5.017279837,8.128798699,8.125228565,10.74362917,10.75026945
LUX,2010,Luxembourg,Europe & Central Asia,High income,194,123,71,6078.015986,6.66263008,85.93012238,10.23186111,131434.36,13.99184092,80.63170732,506953,88.48791682,8756.985206,,,8965.725159,129004.5089,14.02085364,9.8952837,86.7148056,88.0379076,4.262679877,,9.07760697,9.101164271,11.78626284,11.76760264
LUX,2011,Luxembourg,Europe & Central Asia,High income,184,119,65,5694.883383,5.95225334,83.41192627,10.88065338,129887.627,13.95829798,80.98780488,518347,88.95628148,7731.240614,71,123,8756.985206,131434.36,13.99184092,10.23186111,85.93012238,88.48791682,4.17438727,4.262679877,8.953024622,9.07760697,11.77442495,11.78626284
LUX,2012,Luxembourg,Europe & Central Asia,High income,179,120,59,5175.365341,5.29404306,83.63431549,11.46961975,128897.4032,13.96541089,81.39268293,530946,89.4405768,6823.88403,65,119,7731.240614,129887.627,13.95829798,10.88065338,83.41192627,88.95628148,4.077537444,4.17438727,8.828184095,8.953024622,11.76677204,11.77442495
LUX,2013,Luxembourg,Europe & Central Asia,High income,180,116,64,5346.196647,5.23557377,83.86051178,11.19933987,129947.3362,14.02567573,81.8,543360,89.94137467,6803.488648,59,120,6823.88403,128897.4032,13.96541089,11.46961975,83.63431549,89.4405768,4.158883083,4.077537444,8.825190796,8.828184095,11.77488454,11.76677204
LUX,2014,Luxembourg,Europe & Central Asia,High income,168,116,52,5573.944653,5.23040915,84.26283264,11.07252598,130249.5505,14.12510629,82.22926829,556319,90.45778077,6812.584406,64,116,6803.488648,129947.3362,14.02567573,11.19933987,83.86051178,89.94137467,3.951243719,4.158883083,8.826526829,8.825190796,11.77720751,11.77488454
LUX,2015,Luxembourg,Europe & Central Asia,High income,160,105,55,5546.682419,5.08113575,84.50590515,10.71509171,130097.3383,14.19541522,82.29268293,569604,90.98936794,6610.422366,52,116,6812.584406,130249.5505,14.12510629,11.07252598,84.26283264,90.45778077,4.007333185,3.951243719,8.796402829,8.826526829,11.77603821,11.77720751
LUX,2016,Luxembourg,Europe & Central Asia,High income,164,109,55,5806.304673,5.07103872,84.4362793,10.74443722,133661.7345,14.24244138,82.68536585,582014,91.53570901,6778.038312,55,105,6610.422366,130097.3383,14.19541522,10.71509171,84.50590515,90.98936794,4.007333185,4.007333185,8.821443005,8.796402829,11.80306752,11.77603821
LUX,2017,Luxembourg,Europe & Central Asia,High income,161,103,58,5961.602614,5.13535357,84.78167725,10.66126442,132169.8296,14.30681371,82.09512195,596336,92.09637681,6787.388062,55,109,6778.038312,133661.7345,14.24244138,10.74443722,84.4362793,91.53570901,4.060443011,4.007333185,8.822821472,8.821443005,11.79184296,11.80306752
LUX,2018,Luxembourg,Europe & Central Asia,High income,156,103,53,6211.730612,5.27355194,84.92115021,10.43567467,131733.8845,14.37762806,82.29512195,607950,92.67094419,6947.05482,58,103,6787.388062,132169.8296,14.30681371,10.66126442,84.78167725,92.09637681,3.970291914,4.060443011,8.846073082,8.822821472,11.78853914,11.79184296
LUX,2019,Luxembourg,Europe & Central Asia,High income,143,93,50,6700.669651,5.46640301,85.87232971,9.58771706,132724.7547,14.47006674,82.63902439,620001,93.25898397,7255.269984,53,103,6947.05482,131733.8845,14.37762806,10.43567467,84.92115021,92.67094419,3.912023005,3.970291914,8.889483378,8.846073082,11.79603275,11.78853914
LUX,2020,Luxembourg,Europe & Central Asia,High income,154,107,47,7088.203708,5.7671175,87.36024475,8.38729095,129865.6319,14.58522638,82.14390244,630419,93.860069,7489.503582,50,93,7255.269984,132724.7547,14.47006674,9.58771706,85.87232971,93.25898397,3.850147602,3.912023005,8.921257797,8.889483378,11.77425559,11.79603275
LUX,2021,Luxembourg,Europe & Central Asia,High income,147,104,43,7734.739762,5.60806084,87.04403687,8.79836845,136772.4438,14.71534062,82.59756098,640064,94.58617434,7670.281858,47,107,7489.503582,129865.6319,14.58522638,8.38729095,87.36024475,93.860069,3.761200116,3.850147602,8.945108642,8.921257797,11.82607383,11.77425559
LUX,2022,Luxembourg,Europe & Central Asia,High income,140,95,45,8202.773814,5.60926914,87.08268738,8.66778374,132570.8323,14.84243758,82.94634146,653103,94.76054009,7436.254783,43,104,7670.281858,136772.4438,14.71534062,8.79836845,87.04403687,94.58617434,3.80666249,3.761200116,8.914122612,8.945108642,11.79487236,11.82607383
LUX,2023,Luxembourg,Europe & Central Asia,High income,123,84,39,8329.097438,5.78777981,86.60796356,8.77390862,130048.9223,15.10619488,83.3097561,666430,94.80153003,7526.945266,45,95,7436.254783,132570.8323,14.84243758,8.66778374,87.08268738,94.76054009,3.663561646,3.80666249,8.926244563,8.914122612,11.77566598,11.79487236
LVA,2010,Latvia,Europe & Central Asia,High income,532,329,203,1067.807555,6.22420359,60.18484116,37.18564987,24119.73078,18.25444948,73.48292683,2097555,67.82706818,1501.261149,,,1537.035591,24520.67915,17.98320995,38.7826767,59.6487999,67.83236535,5.313205979,,7.3140608,7.3376109,10.09078549,10.10727209
LVA,2011,Latvia,Europe & Central Asia,High income,505,311,194,1093.868337,5.91758251,63.49742889,34.29675293,25308.73221,18.47547612,73.57560976,2059709,67.8266897,1497.665111,203,329,1501.261149,24119.73078,18.25444948,37.18564987,60.18484116,67.82706818,5.267858159,5.313205979,7.311662581,7.3140608,10.13890476,10.09078549
LVA,2012,Latvia,Europe & Central Asia,High income,492,307,185,1146.006073,5.62075043,60.34782791,37.82342148,27496.54546,18.67550102,73.77804878,2034319,67.83316389,1545.512197,194,311,1497.665111,25308.73221,18.47547612,34.29675293,63.49742889,67.8266897,5.220355825,5.267858159,7.343110654,7.311662581,10.22181566,10.13890476
LVA,2013,Latvia,Europe & Central Asia,High income,483,302,181,1217.728927,5.60404825,60.01409149,38.47148514,28375.18429,18.92968738,73.98292683,2012647,67.84733448,1590.159019,185,307,1545.512197,27496.54546,18.67550102,37.82342148,60.34782791,67.83316389,5.198497031,5.220355825,7.371589302,7.343110654,10.25327025,10.22181566
LVA,2014,Latvia,Europe & Central Asia,High income,464,293,171,1296.149501,5.66363621,59.67239761,39.10600662,29243.74125,19.24149098,74.12439024,1993782,67.86860354,1656.259119,181,302,1590.159019,28375.18429,18.92968738,38.47148514,60.01409149,67.84733448,5.141663557,5.198497031,7.412316795,7.371589302,10.28342086,10.25327025
LVA,2015,Latvia,Europe & Central Asia,High income,455,286,169,1405.775677,5.84916782,58.67530441,40.46530914,30599.61331,19.52431584,74.4804878,1977527,67.89653957,1789.822735,171,293,1656.259119,29243.74125,19.24149098,39.10600662,59.67239761,67.86860354,5.129898715,5.141663557,7.489871863,7.412316795,10.32874265,10.28342086
LVA,2016,Latvia,Europe & Central Asia,High income,443,277,166,1631.073629,6.35184479,55.84832764,43.32296753,31668.51484,19.77538736,74.5804878,1959537,67.93071109,2011.53491,169,286,1789.822735,30599.61331,19.52431584,40.46530914,58.67530441,67.89653957,5.111987788,5.129898715,7.606653347,7.489871863,10.36307824,10.32874265
LVA,2017,Latvia,Europe & Central Asia,High income,436,273,163,1703.604357,6.18721867,57.16551208,41.78833008,33036.39159,20.01079484,74.62926829,1942248,67.97068661,2044.033789,166,277,2011.53491,31668.51484,19.77538736,43.32296753,55.84832764,67.93071109,5.093750201,5.111987788,7.622680482,7.606653347,10.40536501,10.36307824
LVA,2018,Latvia,Europe & Central Asia,High income,432,272,160,1903.766377,6.40854263,59.7159729,39.17964172,34729.70628,20.19819588,74.78292683,1927174,68.01603464,2225.668032,163,273,2044.033789,33036.39159,20.01079484,41.78833008,57.16551208,67.97068661,5.075173815,5.093750201,7.707812389,7.622680482,10.45535069,10.40536501
LVA,2019,Latvia,Europe & Central Asia,High income,402,248,154,2202.675929,6.86276913,59.85708237,35.10500336,35208.19346,20.40722722,75.38780488,1913822,68.06632369,2416.257032,160,272,2225.668032,34729.70628,20.19819588,39.17964172,59.7159729,68.01603464,5.036952602,5.075173815,7.789974941,7.707812389,10.4690341,10.45535069
LVA,2020,Latvia,Europe & Central Asia,High income,413,262,151,2448.217585,7.50587368,63.4407692,31.87391663,34225.8976,20.67217096,75.18536585,1900449,68.12112229,2568.95264,154,248,2416.257032,35208.19346,20.40722722,35.10500336,59.85708237,68.06632369,5.017279837,5.036952602,7.851253562,7.789974941,10.44073788,10.4690341
LVA,2021,Latvia,Europe & Central Asia,High income,531,364,167,3457.586887,9.4105072,69.32985687,26.98238754,36912.01306,20.8461609,72.9804878,1884490,68.18087915,3473.607647,151,262,2568.95264,34225.8976,20.67217096,31.87391663,63.4407692,68.12112229,5.117993812,5.017279837,8.152949,7.851253562,10.51629233,10.44073788
LVA,2022,Latvia,Europe & Central Asia,High income,449,285,164,3244.861203,8.1044302,64.72911835,30.74036026,37718.7098,21.01176303,74.27804878,1879383,68.25702181,3056.886508,167,364,3473.607647,36912.01306,20.8461609,26.98238754,69.32985687,68.18087915,5.099866428,5.117993812,8.025152196,8.152949,10.53791153,10.51629233
LVA,2023,Latvia,Europe & Central Asia,High income,412,258,154,3033.874113,7.27783823,59.45503235,35.05759811,37277.72172,21.33209484,75.42682927,1883710,68.35863163,2713.012283,164,285,3056.886508,37718.7098,21.01176303,30.74036026,64.72911835,68.25702181,5.036952602,5.099866428,7.90581484,8.025152196,10.52615115,10.53791153
MEX,2010,Mexico,Latin America & Caribbean ,Upper middle income,394,234,160,873.3540241,5.4897337,50.21874619,43.50876617,20058.38549,6.097501322,73.718,113623895,76.52444414,1101.151948,,,1133.640355,19385.54373,6.021826608,47.35383987,46.66847229,76.514393,5.075173815,,7.004112136,7.033189287,9.906402574,9.872282898
MEX,2011,Mexico,Latin America & Caribbean ,Upper middle income,382,227,155,915.3016278,5.30093002,52.8038826,40.73421097,20457.60017,6.183298219,73.921,115243504,76.56678023,1084.443069,160,234,1101.151948,20058.38549,6.097501322,43.50876617,50.21874619,76.52444414,5.043425117,5.075173815,6.988821833,7.004112136,9.926109739,9.906402574
MEX,2012,Mexico,Latin America & Caribbean ,Upper middle income,380,223,157,976.1127797,5.42140484,53.0821228,40.64141083,20898.93572,6.28324051,74.128,116818208,76.65851991,1133.015913,155,227,1084.443069,20457.60017,6.183298219,40.73421097,52.8038826,76.56678023,5.056245805,5.043425117,7.032638306,6.988821833,9.947453514,9.926109739
MEX,2013,Mexico,Latin America & Caribbean ,Upper middle income,371,216,155,1013.415007,5.5773263,53.75115967,39.87906647,20805.34804,6.393658995,74.289,118343573,76.79557681,1160.382148,157,223,1133.015913,20898.93572,6.28324051,40.64141083,53.0821228,76.65851991,5.043425117,5.056245805,7.056504668,7.032638306,9.94296535,9.947453514
MEX,2014,Mexico,Latin America & Caribbean ,Upper middle income,378,217,161,1007.54662,5.35336781,52.08169937,40.87202454,21069.76617,6.514463949,74.404,119784261,76.97413671,1127.94208,155,216,1160.382148,20805.34804,6.393658995,39.87906647,53.75115967,76.79557681,5.081404365,5.043425117,7.028150083,7.056504668,9.955594409,9.94296535
MEX,2015,Mexico,Latin America & Caribbean ,Upper middle income,376,217,159,1054.367667,5.52738619,52.20096588,41.04377365,21408.92832,6.650848378,74.431,121072306,77.19038542,1183.354147,161,217,1127.94208,21069.76617,6.514463949,40.87202454,52.08169937,76.97413671,5.068904202,5.081404365,7.076108183,7.028150083,9.971563325,9.955594409
MEX,2016,Mexico,Latin America & Caribbean ,Upper middle income,393,227,166,1082.629919,5.38499022,51.27971649,41.3722229,21578.26335,6.801589484,74.376,122251351,77.44050874,1161.987371,159,217,1183.354147,21408.92832,6.650848378,41.04377365,52.20096588,77.19038542,5.111987788,5.068904202,7.057887069,7.076108183,9.979441761,9.971563325
MEX,2017,Mexico,Latin America & Caribbean ,Upper middle income,390,226,164,1088.318241,5.3117938,50.53536606,41.78836441,21777.52251,6.965920174,74.261,123400057,77.72069246,1156.777091,166,227,1161.987371,21578.26335,6.801589484,41.3722229,51.27971649,77.44050874,5.099866428,5.111987788,7.053393047,7.057887069,9.988633639,9.979441761
MEX,2018,Mexico,Latin America & Caribbean ,Upper middle income,389,223,166,1095.911737,5.23821402,49.62833023,42.30939865,21997.77302,7.144224033,74.301,124573711,78.02712239,1152.290431,164,226,1156.777091,21777.52251,6.965920174,41.78836441,50.53536606,77.72069246,5.111987788,5.099866428,7.049506919,7.053393047,9.998696501,9.988633639
MEX,2019,Mexico,Latin America & Caribbean ,Upper middle income,393,224,169,1111.38885,5.3013463,49.16729355,42.28219223,21704.18595,7.334641575,74.53,125762982,78.35598433,1150.614059,166,223,1152.290431,21997.77302,7.144224033,42.30939865,49.62833023,78.02712239,5.129898715,5.111987788,7.048051043,7.049506919,9.985260422,9.998696501
MEX,2020,Mexico,Latin America & Caribbean ,Upper middle income,680,445,235,1171.405639,6.05248594,52.88224792,38.76134109,19728.48178,7.486079875,70.449,126799054,78.6779606,1194.063586,169,224,1150.614059,21704.18595,7.334641575,42.28219223,49.16729355,78.35598433,5.459585514,5.129898715,7.085117547,7.048051043,9.889818646,9.985260422
MEX,2021,Mexico,Latin America & Caribbean ,Upper middle income,676,453,223,1221.347049,5.87678003,50.09624481,41.37071991,20782.58774,7.585758736,69.75,127648148,78.93240074,1221.346966,235,445,1194.063586,19728.48178,7.486079875,38.76134109,52.88224792,78.6779606,5.407171771,5.459585514,7.107709599,7.085117547,9.941870787,9.889818646
MEX,2022,Mexico,Latin America & Caribbean ,Upper middle income,418,243,175,1334.795077,5.70919704,51.89233017,39.08966446,21391.85737,7.74526984,73.973,128613117,79.19968322,1221.303288,223,453,1221.346966,20782.58774,7.585758736,41.37071991,50.09624481,78.93240074,5.164785974,5.407171771,7.107673836,7.107709599,9.970765632,9.941870787
MEX,2023,Mexico,Latin America & Caribbean ,Upper middle income,380,210,170,1367.992938,5.50398684,48.62679672,41.23572922,21864.92361,7.98664579,75.069,129739759,79.47349357,1203.442518,175,243,1221.303288,21391.85737,7.74526984,39.08966446,51.89233017,79.19968322,5.135798437,5.164785974,7.092941494,7.107673836,9.99263897,9.970765632
NLD,2010,Netherlands,Europe & Central Asia,High income,185,117,68,4584.604156,10.09452248,68.41934967,9.0956707,61518.5769,15.27907158,80.70243902,16615394,87.35027902,6210.006574,,,6047.06399,61029.73298,14.99309225,9.06950665,68.05413055,86.22231796,4.219507705,,8.733917234,8.707328142,11.02709447,11.01911645
NLD,2011,Netherlands,Europe & Central Asia,High income,180,115,65,4779.419746,10.14537811,68.37503052,9.48238277,62318.13912,15.73028624,81.20487805,16693074,88.0059205,6322.410844,68,117,6210.006574,61518.5769,15.27907158,9.0956707,68.41934967,87.35027902,4.17438727,4.219507705,8.751855877,8.733917234,11.04000782,11.02709447
NLD,2012,Netherlands,Europe & Central Asia,High income,178,114,64,4989.33027,10.45467281,68.46227264,10.09067631,61480.84164,16.33999044,81.10487805,16754962,88.53424624,6427.620834,65,115,6322.410844,62318.13912,15.73028624,9.48238277,68.37503052,88.0059205,4.158883083,4.17438727,8.768359739,8.751855877,11.02648089,11.04000782
NLD,2013,Netherlands,Europe & Central Asia,High income,171,111,60,5219.26332,10.50247383,69.00616455,11.53488541,61281.31257,16.88016364,81.30487805,16804432,89.17499924,6436.053815,64,114,6427.620834,61480.84164,16.33999044,10.09067631,68.46227264,88.53424624,4.094344562,4.158883083,8.76967087,8.768359739,11.02323022,11.02648089
NLD,2014,Netherlands,Europe & Central Asia,High income,162,107,55,5213.534481,10.45699596,67.83157349,11.58756542,62045.8492,17.35244065,81.70731707,16865008,89.83647871,6488.131944,60,111,6436.053815,61281.31257,16.88016364,11.53488541,69.00616455,89.17499924,4.007333185,4.094344562,8.777729932,8.76967087,11.03562889,11.02323022
NLD,2015,Netherlands,Europe & Central Asia,High income,166,109,57,5205.198645,10.18857956,66.05368042,11.28642845,63081.40835,17.75669091,81.5097561,16939923,90.27877372,6427.099477,55,107,6488.131944,62045.8492,17.35244065,11.58756542,67.83157349,89.83647871,4.043051268,4.007333185,8.768278623,8.777729932,11.05218137,11.03562889
NLD,2016,Netherlands,Europe & Central Asia,High income,165,109,56,5274.393813,9.89148426,66.05368042,11.28642845,64267.74766,18.09439727,81.56097561,17030314,90.58032395,6357.034144,57,109,6427.099477,63081.40835,17.75669091,11.28642845,66.05368042,90.27877372,4.025351691,4.043051268,8.757317218,8.768278623,11.07081319,11.05218137
NLD,2017,Netherlands,Europe & Central Asia,High income,158,105,53,5584.754541,9.93712521,64.32305145,11.04886436,65665.99102,18.42023301,81.76097561,17131296,91.12197007,6525.311748,56,109,6357.034144,64267.74766,18.09439727,11.28642845,66.05368042,90.58032395,3.970291914,4.025351691,8.783444009,8.757317218,11.09233643,11.07081319
NLD,2018,Netherlands,Europe & Central Asia,High income,155,103,52,5811.235247,9.85083961,65.72924042,10.79132938,66758.24543,18.75100793,81.81219512,17231624,92.60624724,6576.247684,53,105,6525.311748,65665.99102,18.42023301,11.04886436,64.32305145,91.12197007,3.951243719,3.970291914,8.791219601,8.783444009,11.1088331,11.09233643
NLD,2019,Netherlands,Europe & Central Asia,High income,149,99,50,6217.204442,9.93616295,65.99391174,10.423666,67847.88185,19.0648534,82.11219512,17344874,93.88980289,6741.476098,52,103,6576.247684,66758.24543,18.75100793,10.79132938,65.72924042,92.60624724,3.912023005,3.951243719,8.816034186,8.791219601,11.12502345,11.1088331
NLD,2020,Netherlands,Europe & Central Asia,High income,161,113,48,6867.401113,10.94954681,68.93029785,9.27974606,64862.18904,19.37039523,81.35853659,17441500,94.25322778,7102.11575,50,99,6741.476098,67847.88185,19.0648534,10.423666,65.99391174,93.88980289,3.871201011,3.912023005,8.868148012,8.816034186,11.08002013,11.12502345
NLD,2021,Netherlands,Europe & Central Asia,High income,168,119,49,7660.83959,11.13498974,69.14801788,10.90819359,68573.56488,19.66180883,81.3097561,17533044,94.62947832,7635.659414,48,113,7102.11575,64862.18904,19.37039523,9.27974606,68.93029785,94.25322778,3.891820298,3.871201011,8.940584581,8.868148012,11.13566239,11.08002013
NLD,2022,Netherlands,Europe & Central Asia,High income,156,108,48,7787.742765,10.03109169,67.72928619,11.93487835,71324.03602,19.90128304,81.61463415,17700982,94.98561777,7154.57945,49,119,7635.659414,68573.56488,19.66180883,10.90819359,69.14801788,94.62947832,3.871201011,3.891820298,8.875507913,8.940584581,11.17498866,11.13566239
NLD,2023,Netherlands,Europe & Central Asia,High income,149,100,49,7727.036799,9.83150005,68.36824799,12.03399372,70198.9546,20.1567559,81.86341463,17877117,95.32216821,6901.610257,48,108,7154.57945,71324.03602,19.90128304,11.93487835,67.72928619,94.98561777,3.891820298,3.871201011,8.839510034,8.875507913,11.1590887,11.17498866
NOR,2010,Norway,Europe & Central Asia,High income,186,123,63,5190.124563,8.8581152,84.68054962,15.0464716,84604.51439,14.98027678,80.99756098,4889252,79.24500275,7494.365349,,,7660.740795,84812.68513,14.78013657,15.25448322,84.43603516,79.05708202,4.143134726,,8.92190673,8.943863968,11.34574291,11.3482004
NOR,2011,Norway,Europe & Central Asia,High income,179,118,61,5492.077102,8.73474026,84.42308044,15.20982742,84670.83444,15.24444535,81.29512195,4953088,79.31162045,7395.777464,63,123,7494.365349,84604.51439,14.98027678,15.0464716,84.68054962,79.24500275,4.110873864,4.143134726,8.908664503,8.92190673,11.34652648,11.34574291
NOR,2012,Norway,Europe & Central Asia,High income,174,113,61,5774.392238,8.72188568,84.75522614,14.80008125,85925.87234,15.52748031,81.45121951,5018573,79.49059254,7494.356355,61,118,7395.777464,84670.83444,15.24444535,15.20982742,84.42308044,79.31162045,4.110873864,4.110873864,8.92190553,8.908664503,11.36124025,11.34652648
NOR,2013,Norway,Europe & Central Asia,High income,168,112,56,6012.884111,8.87431335,85.02293396,14.59419632,85973.7695,15.77891447,81.75121951,5079623,79.97239805,7629.581704,61,113,7494.356355,85925.87234,15.52748031,14.80008125,84.75522614,79.49059254,4.025351691,4.110873864,8.9397883,8.92190553,11.36179752,11.36124025
NOR,2014,Norway,Europe & Central Asia,High income,160,106,54,6191.587447,9.28297901,85.28894043,14.37853241,86790.79246,16.02837625,82.1,5137232,80.61171595,8056.771047,56,112,7629.581704,85973.7695,15.77891447,14.59419632,85.02293396,79.97239805,3.988984047,4.025351691,8.994268141,8.9397883,11.37125582,11.36179752
NOR,2015,Norway,Europe & Central Asia,High income,157,105,52,6144.907396,10.06992245,85.51459503,14.14276981,87688.11967,16.27477397,82.30487805,5188607,81.2378241,8830.125649,54,106,8056.771047,86790.79246,16.02837625,14.37853241,85.28894043,80.61171595,3.951243719,3.988984047,9.085924523,8.994268141,11.3815417,11.37125582
NOR,2016,Norway,Europe & Central Asia,High income,156,105,51,6267.084882,10.53049755,85.37944794,14.27099895,88041.64148,16.51727097,82.40731707,5234519,81.68000031,9271.222899,52,105,8830.125649,87688.11967,16.27477397,14.14276981,85.51459503,81.2378241,3.931825633,3.951243719,9.13467057,9.085924523,11.38556518,11.3815417
NOR,2017,Norway,Europe & Central Asia,High income,,,,6630.84188,10.22983646,85.1206665,14.5119257,89664.90864,16.78124205,82.6097561,5276968,81.96997459,9172.573516,51,105,9271.222899,88041.64148,16.51727097,14.27099895,85.37944794,81.68000031,,3.931825633,9.123973171,9.13467057,11.40383476,11.38556518
NOR,2018,Norway,Europe & Central Asia,High income,,,,7019.083749,9.96037865,85.70349884,13.96863365,90064.0688,17.08539696,82.75853659,5311916,82.24521124,8970.72228,,,9172.573516,89664.90864,16.78124205,14.5119257,85.1206665,81.96997459,,,9.101721474,9.123973171,11.40827657,11.40383476
NOR,2019,Norway,Europe & Central Asia,High income,,,,7432.085191,10.43807507,85.71699524,13.91872692,90772.9017,17.39485563,82.95853659,5347896,82.49358949,9474.943623,,,8970.72228,90064.0688,17.08539696,13.96863365,85.70349884,82.24521124,,,9.15640608,9.101721474,11.41611608,11.40827657
NOR,2020,Norway,Europe & Central Asia,High income,,,,7683.816077,11.42416382,85.96683502,13.78762722,89012.27238,17.72818393,83.2097561,5379475,82.70298857,10168.90782,,,9474.943623,90772.9017,17.39485563,13.91872692,85.71699524,82.49358949,,,9.227090091,9.15640608,11.39652953,11.41611608
NOR,2021,Norway,Europe & Central Asia,High income,,,,8760.59605,9.8142643,85.90119171,13.85256004,92205.76986,18.07402261,83.16341463,5408320,82.86128772,9049.317954,,,10168.90782,89012.27238,17.72818393,13.78762722,85.96683502,82.70298857,,,9.11044467,9.227090091,11.43177799,11.39652953
NOR,2022,Norway,Europe & Central Asia,High income,,,,9796.805494,7.90873051,85.6782074,14.07542992,95109.82016,18.3301335,82.5097561,5457127,82.95636618,7521.979365,,,9049.317954,92205.76986,18.07402261,13.85256004,85.90119171,82.86128772,,,8.925584596,9.11044467,11.4627875,11.43177799
NOR,2023,Norway,Europe & Central Asia,High income,,,,9523.305175,9.42925453,86.10611725,13.68724823,94364.96418,18.53384759,83.01219512,5519601,83.07185607,8897.912659,,,7521.979365,95109.82016,18.3301335,14.07542992,85.6782074,82.95636618,,,9.093571996,8.925584596,11.45492514,11.4627875
NZL,2010,New Zealand,East Asia & Pacific,High income,206,128,78,2848.032423,9.09511089,78.03401947,11.78977394,41395.37038,12.98321749,80.90487805,4350700,85.86140433,3764.954839,,,3768.552622,41250.99857,12.75540715,12.04275227,77.74506378,85.89183455,4.356708827,,8.233491145,8.234446287,10.63092433,10.6274306
NZL,2011,New Zealand,East Asia & Pacific,High income,209,132,77,2982.595443,9.10748196,78.71206665,11.74532509,41961.92023,13.2934135,81.15609756,4384000,85.82331519,3821.674315,78,128,3764.954839,41395.37038,12.98321749,11.78977394,78.03401947,85.86140433,4.343805422,4.356708827,8.248443908,8.233491145,10.64451782,10.63092433
NZL,2012,New Zealand,East Asia & Pacific,High income,198,122,76,3039.402061,9.20243168,78.55409241,11.83617115,42693.42345,13.69321844,81.40731707,4408100,85.77770068,3928.833125,77,132,3821.674315,41961.92023,13.2934135,11.74532509,78.71206665,85.82331519,4.33073334,4.343805422,8.276097746,8.248443908,10.66180017,10.64451782
NZL,2013,New Zealand,East Asia & Pacific,High income,187,116,71,3233.099188,8.9393549,77.79145813,11.85921955,43453.28142,14.08642768,81.40487805,4442100,85.70801298,3884.443042,76,122,3928.833125,42693.42345,13.69321844,11.83617115,78.55409241,85.77770068,4.262679877,4.33073334,8.264734891,8.276097746,10.67944165,10.66180017
NZL,2014,New Zealand,East Asia & Pacific,High income,189,119,70,3344.580185,8.97204113,77.10297394,12.84114456,44369.76642,14.36917848,81.45682927,4516500,85.50766595,3980.873693,71,116,3884.443042,43453.28142,14.08642768,11.85921955,77.79145813,85.70801298,4.248495242,4.262679877,8.289256595,8.264734891,10.70031358,10.67944165
NZL,2015,New Zealand,East Asia & Pacific,High income,186,118,68,3337.036939,8.88920593,73.99864197,13.80066013,45097.01647,14.55535932,81.61243902,4609400,85.15187638,4008.766662,70,119,3980.873693,44369.76642,14.36917848,12.84114456,77.10297394,85.50766595,4.219507705,4.248495242,8.296238907,8.289256595,10.71657137,10.70031358
NZL,2016,New Zealand,East Asia & Pacific,High income,179,113,66,3505.993639,8.76869011,73.10440826,14.610116,45746.13598,14.71130087,81.65853659,4714100,84.69136559,4011.336901,68,118,4008.766662,45097.01647,14.55535932,13.80066013,73.99864197,85.15187638,4.189654742,4.219507705,8.296879857,8.296238907,10.73086261,10.71657137
NZL,2017,New Zealand,East Asia & Pacific,High income,183,116,67,3641.169956,8.61795807,74.34125519,14.54863453,46285.9811,14.86855284,81.85853659,4813600,84.17010259,3988.906443,66,113,4011.336901,45746.13598,14.71130087,14.610116,73.10440826,84.69136559,4.204692619,4.189654742,8.291272398,8.296879857,10.74259441,10.73086261
NZL,2018,New Zealand,East Asia & Pacific,High income,178,112,66,3644.263693,8.56966972,72.73352814,14.57150078,46974.68184,15.05788693,81.70731707,4900600,83.80178467,4025.575086,67,116,3988.906443,46285.9811,14.86855284,14.54863453,74.34125519,84.17010259,4.189654742,4.204692619,8.300423058,8.291272398,10.75736405,10.74259441
NZL,2019,New Zealand,East Asia & Pacific,High income,180,114,66,3887.603131,8.61898708,72.16235352,14.4040451,47392.19331,15.30161177,82.05609756,4970300,83.80496587,4084.727019,66,112,4025.575086,46974.68184,15.05788693,14.57150078,72.73352814,83.80178467,4.189654742,4.189654742,8.31501018,8.300423058,10.7662128,10.75736405
NZL,2020,New Zealand,East Asia & Pacific,High income,166,104,62,4213.14229,9.25240231,74.23471069,14.19285393,46326.38047,15.62071798,82.25609756,5072400,83.81389771,4286.303096,66,114,4084.727019,47392.19331,15.30161177,14.4040451,72.16235352,83.80496587,4.127134385,4.189654742,8.363179891,8.31501018,10.74346685,10.7662128
NZL,2021,New Zealand,East Asia & Pacific,High income,,,,4587.251427,9.55072403,74.40124512,13.56547737,48202.09134,16.04657794,82.20731707,5084600,83.82993826,4603.64872,62,104,4286.303096,46326.38047,15.62071798,14.19285393,74.23471069,83.81389771,,4.127134385,8.434604468,8.363179891,10.78315769,10.74346685
NZL,2022,New Zealand,East Asia & Pacific,High income,,,,5653.361412,10.56814575,81.91218567,11.92626286,49842.98453,16.44638864,81.95853659,5081700,83.8547305,5267.479252,,,4603.64872,48202.09134,16.04657794,13.56547737,74.40124512,83.82993826,,,8.569307207,8.434604468,10.81663303,10.78315769
NZL,2023,New Zealand,East Asia & Pacific,High income,,,,5531.251003,10.12947655,77.68591309,12.5954752,49592.58755,16.79858012,81.75853659,5200000,83.88989915,5023.469527,,,5267.479252,49842.98453,16.44638864,11.92626286,81.91218567,83.8547305,,,8.521876115,8.569307207,10.81159666,10.81663303
PER,2010,Peru,Latin America & Caribbean ,Upper middle income,211,106,105,462.3561268,4.70582962,51.89738464,39.51519012,12057.3913,7.194093712,72.886,29086019,77.40209368,567.400291,,,555.6362215,11202.86544,6.971790071,40.27733994,50.36184692,76.82214754,4.65396035,,6.341065035,6.320113802,9.397433136,9.323924868
PER,2011,Peru,Latin America & Caribbean ,Upper middle income,198,101,97,472.0721717,4.52216864,50.9587326,40.34396362,12724.8832,7.405219999,73.327,29304086,78.0118165,575.4406778,105,106,567.400291,12057.3913,7.194093712,39.51519012,51.89738464,77.40209368,4.574710979,4.65396035,6.355136143,6.341065035,9.451314663,9.397433136
PER,2012,Peru,Latin America & Caribbean ,Upper middle income,199,102,97,510.3772656,4.72939587,52.48008347,38.87478256,13393.59239,7.613360863,73.979,29550366,78.64880615,633.4360051,97,101,575.4406778,12724.8832,7.405219999,40.34396362,50.9587326,78.0118165,4.574710979,4.574710979,6.451158977,6.355136143,9.502531691,9.451314663
PER,2013,Peru,Latin America & Caribbean ,Upper middle income,201,103,98,537.1245527,4.71272659,56.08006287,35.27772903,14050.24203,7.822236019,74.591,29817919,79.31055278,662.1494922,97,102,633.4360051,13393.59239,7.613360863,38.87478256,52.48008347,78.64880615,4.584967479,4.574710979,6.495491349,6.451158977,9.550394901,9.502531691
PER,2014,Peru,Latin America & Caribbean ,Upper middle income,188,97,91,573.8686538,4.90967321,59.86446381,31.77192116,14242.64448,8.022008096,75.26,30115826,79.99454657,699.2673002,98,103,662.1494922,14050.24203,7.822236019,35.27772903,56.08006287,79.31055278,4.510859507,4.584967479,6.550033073,6.495491349,9.563995875,9.550394901
PER,2015,Peru,Latin America & Caribbean ,Upper middle income,169,97,72,578.2030495,4.90453625,61.22719955,30.14810181,14540.83132,8.19443423,75.732,30457600,80.69827766,713.1603429,91,97,699.2673002,14242.64448,8.022008096,31.77192116,59.86446381,79.99454657,4.276666119,4.510859507,6.56970628,6.550033073,9.584715924,9.563995875
PER,2016,Peru,Latin America & Caribbean ,Upper middle income,163,86,77,604.2654078,4.89353323,62.12892532,29.5966835,14915.43663,8.304772293,75.951,30866494,81.41923622,729.891848,72,97,713.1603429,14540.83132,8.19443423,30.14810181,61.22719955,80.69827766,4.343805422,4.276666119,6.59289637,6.56970628,9.610151971,9.584715924
PER,2017,Peru,Latin America & Caribbean ,Upper middle income,182,91,91,621.6201091,4.80915499,62.73590088,28.94732857,15067.48928,8.403775092,75.958,31324637,82.19316505,724.6189125,77,86,729.891848,14915.43663,8.304772293,29.5966835,62.12892532,81.41923622,4.510859507,4.343805422,6.585645879,6.59289637,9.620294674,9.610151971
PER,2018,Peru,Latin America & Caribbean ,Upper middle income,202,107,95,679.8401354,5.0835557,62.03504562,29.74592972,15384.18461,8.503951404,76.018,31897584,82.685493,782.0635936,91,91,724.6189125,15067.48928,8.403775092,28.94732857,62.73590088,82.19316505,4.553876892,4.510859507,6.661936059,6.585645879,9.641095287,9.620294674
PER,2019,Peru,Latin America & Caribbean ,Upper middle income,207,111,96,709.3428681,5.12525272,63.24930573,28.34798813,15461.45726,8.606973777,76.275,32449303,83.10330031,792.4387587,95,107,782.0635936,15384.18461,8.503951404,29.74592972,62.03504562,82.685493,4.564348191,4.553876892,6.675115227,6.661936059,9.646105578,9.641095287
PER,2020,Peru,Latin America & Caribbean ,Upper middle income,507,408,99,817.5813304,6.34739399,68.51417542,22.49866867,13607.76407,8.718075031,73.832,32838579,83.52674372,863.7383988,96,111,792.4387587,15461.45726,8.606973777,28.34798813,63.24930573,83.10330031,4.59511985,4.564348191,6.761269944,6.675115227,9.518395796,9.646105578
PER,2021,Peru,Latin America & Caribbean ,Upper middle income,561,447,114,1019.321046,6.67309427,66.85507965,25.10678101,15285.77069,8.75409226,71.596,33155882,83.94801183,1020.033888,99,408,863.7383988,13607.76407,8.718075031,22.49866867,68.51417542,83.52674372,4.736198448,4.59511985,6.927591129,6.761269944,9.634677654,9.518395796
PER,2022,Peru,Latin America & Caribbean ,Upper middle income,243,146,97,1006.933942,6.0974617,64.14378357,27.03717041,15566.52426,8.81067934,76.834,33475438,84.3663555,949.1628549,114,447,1020.033888,15285.77069,8.75409226,25.10678101,66.85507965,83.94801183,4.574710979,4.736198448,6.855580391,6.927591129,9.652878007,9.634677654
PER,2023,Peru,Latin America & Caribbean ,Upper middle income,,,,956.4784451,5.63786411,63.57583237,26.98286247,15342.27414,8.992566157,77.74,33845617,84.78102558,864.9765672,97,146,949.1628549,15566.52426,8.81067934,27.03717041,64.14378357,84.3663555,,4.574710979,6.762702417,6.855580391,9.638367313,9.652878007
POL,2010,Poland,Europe & Central Asia,High income,337,211,126,1351.693772,6.43533468,71.35003662,23.7143631,27112.13338,13.57078829,76.24634146,38042794,60.8474784,1744.756522,,,1721.728643,26204.41037,13.54552788,24.36023712,71.74530792,60.98007535,4.836281907,,7.464370296,7.45108409,10.20773663,10.17368301
POL,2011,Poland,Europe & Central Asia,High income,328,206,122,1424.487944,6.24533606,71.02577209,23.95442009,28521.66126,13.7095292,76.69512195,38063255,60.73570907,1781.273596,126,211,1744.756522,27112.13338,13.57078829,23.7143631,71.35003662,60.8474784,4.804021045,4.836281907,7.485083891,7.464370296,10.25841912,10.20773663
POL,2012,Poland,Europe & Central Asia,High income,322,202,120,1477.892805,6.22854042,69.8283844,24.26416779,28952.91573,14.0246185,76.74634146,38063164,60.63416328,1803.344059,122,206,1781.273596,28521.66126,13.7095292,23.95442009,71.02577209,60.73570907,4.787491743,4.804021045,7.497398031,7.485083891,10.27342619,10.25841912
POL,2013,Poland,Europe & Central Asia,High income,312,196,116,1575.045573,6.44993687,70.29511261,23.64557266,29168.62421,14.43082182,77,38040196,60.53331875,1881.357847,120,202,1803.344059,28952.91573,14.0246185,24.26416779,69.8283844,60.63416328,4.753590191,4.787491743,7.539749054,7.497398031,10.2808489,10.27342619
POL,2014,Poland,Europe & Central Asia,High income,293,186,107,1626.766853,6.39059496,69.93572235,22.737463,30334.87866,14.88280069,77.60243902,38011735,60.43400633,1938.579227,116,196,1881.357847,29168.62421,14.43082182,23.64557266,70.29511261,60.53331875,4.672828834,4.753590191,7.569710626,7.539749054,10.32005344,10.2808489
POL,2015,Poland,Europe & Central Asia,High income,291,184,107,1717.35929,6.36490345,69.33325958,23.03758621,31700.36824,15.37753283,77.45121951,37986412,60.33628868,2017.697832,107,186,1938.579227,30334.87866,14.88280069,22.737463,69.93572235,60.43400633,4.672828834,4.672828834,7.609712453,7.569710626,10.36408358,10.32005344
POL,2016,Poland,Europe & Central Asia,High income,287,181,106,1856.86221,6.5470438,68.64382935,22.74558067,32675.30523,15.91291151,77.85121951,37970087,60.24022842,2139.266545,107,184,2017.697832,31700.36824,15.37753283,23.03758621,69.33325958,60.33628868,4.663439094,4.672828834,7.668218313,7.609712453,10.39437488,10.36408358
POL,2017,Poland,Europe & Central Asia,High income,290,182,108,1972.36794,6.53713226,68.82284546,22.73643494,34354.59876,16.46593604,77.75365854,37974826,60.1458882,2245.805558,106,181,2139.266545,32675.30523,15.91291151,22.74558067,68.64382935,60.24022842,4.682131227,4.663439094,7.716819559,7.668218313,10.44449117,10.39437488
POL,2018,Poland,Europe & Central Asia,High income,287,181,106,2021.770601,6.25094128,71.08643341,20.42033195,36500.41143,17.01456161,77.60243902,37974750,60.05333065,2281.619285,108,182,2245.805558,34354.59876,16.46593604,22.73643494,68.82284546,60.1458882,4.663439094,4.682131227,7.732640683,7.716819559,10.50507881,10.44449117
POL,2019,Poland,Europe & Central Asia,High income,292,182,110,2292.106272,6.38906956,71.38498688,20.09078407,38181.62303,17.5584217,77.90487805,37965475,59.96261841,2439.450455,106,181,2281.619285,36500.41143,17.01456161,20.42033195,71.08643341,60.05333065,4.700480366,4.663439094,7.799528069,7.732640683,10.55010961,10.50507881
POL,2020,Poland,Europe & Central Asia,High income,349,230,119,2356.091139,6.42739105,71.89422607,19.53498077,37852.80213,18.07604682,76.4,37515748,59.87381411,2432.947616,110,182,2439.450455,38181.62303,17.5584217,20.09078407,71.38498688,59.96261841,4.779123493,4.700480366,7.796858812,7.799528069,10.54146029,10.55010961
POL,2021,Poland,Europe & Central Asia,High income,395,276,119,2607.168106,6.3654809,72.1026535,19.84747887,41059.58478,18.5352369,75.35121951,36981559,59.80965132,2613.640027,119,230,2432.947616,37852.80213,18.07604682,19.53498077,71.89422607,59.87381411,4.779123493,4.779123493,7.868499175,7.796858812,10.62277958,10.54146029
POL,2022,Poland,Europe & Central Asia,High income,316,202,114,2973.962024,6.46619797,73.80671692,18.43494606,43405.02158,19.0192157,77.15609756,36821749,59.8315488,2806.654624,119,276,2613.640027,41059.58478,18.5352369,19.84747887,72.1026535,59.80965132,4.736198448,4.779123493,7.939748528,7.868499175,10.67833042,10.62277958
POL,2023,Poland,Europe & Central Asia,High income,281,173,108,3331.752818,7.13848782,77.10754395,15.84634209,43672.7668,19.56091147,78.25853659,36687353,59.88595614,3117.575139,114,202,2806.654624,43405.02158,19.0192157,18.43494606,73.80671692,59.8315488,4.682131227,4.736198448,8.04481078,7.939748528,10.68448,10.67833042
PRT,2010,Portugal,Europe & Central Asia,High income,210,128,82,2734.485035,10.01858425,66.51553345,24.70817566,36703.11419,18.51770451,79.02682927,10573100,61.07888672,3677.132417,,,3656.455815,36092.81093,18.17585543,25.10331535,63.80487061,60.80663687,4.406719247,,8.209888493,8.204249601,10.51061689,10.49384898
PRT,2011,Portugal,Europe & Central Asia,High income,204,125,79,2601.130117,9.71847439,64.50564575,26.65432167,36127.29498,18.86558298,80.47073171,10557560,61.14106984,3511.02191,82,128,3677.132417,36703.11419,18.51770451,24.70817566,66.51553345,61.07888672,4.369447852,4.406719247,8.163662417,8.209888493,10.49480395,10.51061689
PRT,2012,Portugal,Europe & Central Asia,High income,196,120,76,2541.646797,9.64000225,61.27985764,29.58329964,34804.63333,19.20037287,80.37317073,10514844,61.14097939,3355.167437,79,125,3511.02191,36127.29498,18.86558298,26.65432167,64.50564575,61.14106984,4.33073334,4.369447852,8.118256955,8.163662417,10.4575058,10.49480395
PRT,2013,Portugal,Europe & Central Asia,High income,192,118,74,2615.69255,9.39476109,62.28905106,28.793787,34651.77195,19.62765928,80.72195122,10457295,61.14053152,3255.451188,76,120,3355.167437,34804.63333,19.20037287,29.58329964,61.27985764,61.14097939,4.304065093,4.33073334,8.088086159,8.118256955,10.45310414,10.4575058
PRT,2014,Portugal,Europe & Central Asia,High income,195,121,74,2674.308283,9.33570766,61.74032974,29.3347435,35097.40983,20.11410315,81.12195122,10401062,61.13945374,3276.591578,74,118,3255.451188,34651.77195,19.62765928,28.793787,62.28905106,61.14053152,4.304065093,4.304065093,8.094559008,8.088086159,10.46588261,10.45310414
PRT,2015,Portugal,Europe & Central Asia,High income,191,119,72,2754.236405,9.33309937,61.66935349,29.53496742,35803.35756,20.5742533,81.12439024,10358076,61.13746921,3341.562939,74,121,3276.591578,35097.40983,20.11410315,29.3347435,61.74032974,61.13945374,4.276666119,4.304065093,8.114193922,8.094559008,10.48579695,10.46588261
PRT,2016,Portugal,Europe & Central Asia,High income,192,118,74,2957.013647,9.39989281,61.57459641,29.43173981,36636.29784,21.02699864,81.12439024,10325452,61.13430112,3443.772727,72,119,3341.562939,35803.35756,20.5742533,29.53496742,61.66935349,61.13746921,4.304065093,4.276666119,8.144322872,8.114193922,10.50879477,10.48579695
PRT,2017,Portugal,Europe & Central Asia,High income,188,117,71,3061.954972,9.32668972,61.1379509,29.68834496,37943.11505,21.48828305,81.42439024,10300300,61.12967265,3538.836611,74,118,3443.772727,36636.29784,21.02699864,29.43173981,61.57459641,61.13430112,4.262679877,4.304065093,8.171553311,8.144322872,10.54384334,10.50879477
PRT,2018,Portugal,Europe & Central Asia,High income,185,116,69,3271.17675,9.42121029,61.15868759,29.91732025,39123.61513,21.93239301,81.32439024,10283822,61.12330697,3685.918054,71,117,3538.836611,37943.11505,21.48828305,29.68834496,61.1379509,61.12967265,4.234106505,4.262679877,8.212274906,8.171553311,10.57448153,10.54384334
PRT,2019,Portugal,Europe & Central Asia,High income,177,112,65,3584.059511,9.50868607,60.77597809,30.60724258,40188.28688,22.3900784,81.67560976,10286263,61.11492725,3821.378036,69,116,3685.918054,39123.61513,21.93239301,29.91732025,61.15868759,61.12330697,4.17438727,4.234106505,8.248366379,8.212274906,10.60133086,10.57448153
PRT,2020,Portugal,Europe & Central Asia,High income,,,,3755.403051,10.52074051,64.22454834,28.01858902,36852.22873,22.8627034,81.32926829,10297081,61.10425668,3877.127357,65,112,3821.378036,40188.28688,22.3900784,30.60724258,60.77597809,61.11492725,,4.17438727,8.262849787,8.248366379,10.51467138,10.60133086
PRT,2021,Portugal,Europe & Central Asia,High income,,,,4323.964553,11.22031498,62.4219017,29.11856651,38657.66772,23.2908706,81.37804878,10361831,61.09512493,4337.512082,,,3877.127357,36852.22873,22.8627034,28.01858902,64.22454834,61.10425668,,,8.37505621,8.262849787,10.56250042,10.51467138
PRT,2022,Portugal,Europe & Central Asia,High income,180,117,63,4706.407899,10.5492239,62.32359314,29.1353817,41070.86115,23.68800352,81.63170732,10434332,61.12592558,4332.657101,,,4337.512082,38657.66772,23.2908706,29.11856651,62.4219017,61.09512493,4.143134726,,8.373936282,8.37505621,10.62305417,10.56250042
PRT,2023,Portugal,Europe & Central Asia,High income,,,,4678.848076,10.02761173,61.43894577,29.30668449,41768.25831,24.11151061,82.32926829,10578174,61.20486526,4188.35877,63,117,4332.657101,41070.86115,23.68800352,29.1353817,62.32359314,61.12592558,,4.143134726,8.340064234,8.373936282,10.63989196,10.62305417
ROU,2010,Romania,Europe & Central Asia,High income,498,303,195,976.4087828,5.63882685,79.89113617,19.63123703,24902.90449,15.83999647,73.45853659,20246871,53.90382279,1404.231665,,,1359.740718,25761.63055,15.62888899,20.78450394,78.66156769,53.78751503,5.272999559,,7.247245574,7.215049312,10.12273972,10.15664148
ROU,2011,Romania,Europe & Central Asia,High income,458,276,182,839.3343751,4.47503996,74.97605133,24.27584076,26150.74762,16.05739687,74.4097561,20147528,53.96088742,1170.256406,195,303,1404.231665,24902.90449,15.83999647,19.63123703,79.89113617,53.90382279,5.204006687,5.272999559,7.064978154,7.247245574,10.17163306,10.12273972
ROU,2012,Romania,Europe & Central Asia,High income,459,276,183,891.5066287,4.50939083,76.86502838,22.42794037,26767.45565,16.26635279,74.41219512,20058035,53.95630925,1207.04919,182,276,1170.256406,26150.74762,16.05739687,24.27584076,74.97605133,53.96088742,5.209486153,5.204006687,7.095933975,7.064978154,10.19494209,10.17163306
ROU,2013,Romania,Europe & Central Asia,High income,439,263,176,1026.131856,5.2240696,78.95140839,20.17611694,26941.93188,16.45828142,75.06341463,19983693,53.9101758,1407.465273,183,276,1207.04919,26767.45565,16.26635279,22.42794037,76.86502838,53.95630925,5.170483995,5.209486153,7.249545687,7.095933975,10.20143916,10.19494209
ROU,2014,Romania,Europe & Central Asia,High income,437,264,173,1035.367188,5.0276823,78.88207245,20.31369972,28156.13078,16.79392668,74.9097561,19908979,53.82671876,1415.600804,176,263,1407.465273,26941.93188,16.45828142,20.17611694,78.95140839,53.9101758,5.153291594,5.170483995,7.255309316,7.249545687,10.2455204,10.20143916
ROU,2015,Romania,Europe & Central Asia,High income,434,260,174,1066.215622,4.94292021,77.94290924,21.28186798,29181.87817,17.2096253,74.91219512,19815616,53.70718395,1442.436954,173,264,1415.600804,28156.13078,16.79392668,20.31369972,78.88207245,53.82671876,5.159055299,5.153291594,7.274089291,7.255309316,10.28130319,10.2455204
ROU,2016,Romania,Europe & Central Asia,High income,431,257,174,1210.833163,5.08012772,78.18263245,20.75498581,30189.14772,17.57419288,75.2097561,19702267,53.5528172,1533.647262,174,260,1442.436954,29181.87817,17.2096253,21.28186798,77.94290924,53.70718395,5.159055299,5.159055299,7.335404009,7.274089291,10.31523779,10.28130319
ROU,2017,Romania,Europe & Central Asia,High income,426,254,172,1394.10595,5.18878555,78.58639526,20.48815536,32852.63557,17.9121341,75.2097561,19588715,53.36486432,1704.652807,174,257,1533.647262,30189.14772,17.57419288,20.75498581,78.18263245,53.5528172,5.147494477,5.159055299,7.441116737,7.335404009,10.39978725,10.31523779
ROU,2018,Romania,Europe & Central Asia,High income,430,254,176,1626.59129,5.51454878,79.69070435,19.45757103,34828.89586,18.24967782,75.35853659,19473970,53.14457116,1920.656452,172,254,1704.652807,32852.63557,17.9121341,20.48815536,78.58639526,53.36486432,5.170483995,5.147494477,7.560422309,7.441116737,10.45820266,10.39978725
ROU,2019,Romania,Europe & Central Asia,High income,419,245,174,1912.924155,5.69924641,80.13863373,18.87716484,36399.47461,18.60423653,75.60731707,19371648,52.89318352,2074.49575,176,254,1920.656452,34828.89586,18.24967782,19.45757103,79.69070435,53.14457116,5.159055299,5.170483995,7.637473391,7.560422309,10.50230962,10.45820266
ROU,2020,Romania,Europe & Central Asia,High income,492,296,196,2128.208415,6.20959711,80.07714844,19.02618599,35283.60604,19.0166657,74.25365854,19265250,52.61194725,2190.969781,174,245,2074.49575,36399.47461,18.60423653,18.87716484,80.13863373,52.89318352,5.278114659,5.159055299,7.692099547,7.637473391,10.47117372,10.50230962
ROU,2021,Romania,Europe & Central Asia,High income,567,358,209,2424.588571,6.45246983,75.64733124,20.94245529,37534.00026,19.32696583,72.8097561,19122059,52.23215121,2421.870043,196,296,2190.969781,35283.60604,19.0166657,19.02618599,80.07714844,52.61194725,5.342334252,5.278114659,7.792295266,7.692099547,10.53300247,10.47117372
ROU,2022,Romania,Europe & Central Asia,High income,430,251,179,2448.674925,5.79823256,77.66529846,21.42167473,39256.82609,19.51524702,75.15365854,19048502,52.16348325,2276.202072,209,358,2421.870043,37534.00026,19.32696583,20.94245529,75.64733124,52.23215121,5.187385806,5.342334252,7.730263575,7.792295266,10.57788062,10.53300247
ROU,2023,Romania,Europe & Central Asia,High income,384,218,166,2614.094261,5.70901489,75.86407471,22.96146011,40116.68914,19.75314092,76.40487805,19061062,52.1645747,2290.267756,179,251,2276.202072,39256.82609,19.51524702,21.42167473,77.66529846,52.16348325,5.111987788,5.187385806,7.736424014,7.730263575,10.59954771,10.57788062
SVK,2010,Slovak Republic,Europe & Central Asia,High income,397,230,167,1947.523818,7.67065239,70.99603271,22.8006134,29745.91967,12.44782172,75.11219512,5391428,54.56507407,2281.706098,,,2217.274476,27880.41112,12.28560061,22.41773987,71.63835144,54.7260357,5.117993812,,7.732678731,7.704034007,10.30044725,10.23567961
SVK,2011,Slovak Republic,Europe & Central Asia,High income,,,,1918.635804,7.31452227,72.10746765,23.57159042,30468.8257,12.62548724,75.95853659,5398384,54.4167388,2228.649042,167,230,2281.706098,29745.91967,12.44782172,22.8006134,70.99603271,54.56507407,,5.117993812,7.70915087,7.732678731,10.32445933,10.30044725
SVK,2012,Slovak Republic,Europe & Central Asia,High income,376,227,149,2035.447899,7.52780581,71.12427521,23.23308945,30894.3118,12.90978083,76.1097561,5407579,54.27645283,2325.663799,,,2228.649042,30468.8257,12.62548724,23.57159042,72.10746765,54.4167388,5.003946306,,7.751760782,7.70915087,10.33832736,10.32445933
SVK,2013,Slovak Republic,Europe & Central Asia,High income,364,214,150,2101.071779,7.48013163,73.31342316,23.32164955,31078.18482,13.28428848,76.41219512,5413393,54.13840241,2324.689133,149,227,2325.663799,30894.3118,12.90978083,23.23308945,71.12427521,54.27645283,5.010635294,5.003946306,7.751341603,7.751760782,10.3442614,10.33832736
SVK,2014,Slovak Republic,Europe & Central Asia,High income,346,207,139,1999.391667,6.86543369,79.33296204,18.00793076,31888.80535,13.69500338,76.81219512,5418649,54.00291255,2189.304786,150,214,2324.689133,31078.18482,13.28428848,23.32164955,73.31342316,54.13840241,4.934473933,5.010635294,7.691339323,7.751341603,10.3700103,10.3442614
SVK,2015,Slovak Republic,Europe & Central Asia,High income,,,,2033.766619,6.74109745,78.74036407,18.443573,33507.79136,14.14878536,76.56341463,5423801,53.8700628,2258.792869,139,207,2189.304786,31888.80535,13.69500338,18.00793076,79.33296204,54.00291255,,4.934473933,7.722585821,7.691339323,10.41953327,10.3700103
SVK,2016,Slovak Republic,Europe & Central Asia,High income,336,199,137,2110.689298,7.06081343,79.96457672,17.88862991,34116.4502,14.66242905,77.16585366,5430798,53.73993271,2408.898898,,,2258.792869,33507.79136,14.14878536,18.443573,78.74036407,53.8700628,4.919980926,,7.786925033,7.722585821,10.43753496,10.41953327
SVK,2017,Slovak Republic,Europe & Central Asia,High income,336,196,140,2038.174425,6.73388767,79.0446701,18.71241951,35042.78589,15.20005563,77.16585366,5439232,53.61260182,2359.741838,137,199,2408.898898,34116.4502,14.66242905,17.88862991,79.96457672,53.73993271,4.941642423,4.919980926,7.766307502,7.786925033,10.46432505,10.43753496
SVK,2018,Slovak Republic,Europe & Central Asia,High income,332,198,134,2092.638445,6.63677502,79.21431732,18.90781784,36415.79205,15.72691555,77.26585366,5446771,53.48814969,2416.83419,140,196,2359.741838,35042.78589,15.20005563,18.71241951,79.0446701,53.61260182,4.8978398,4.941642423,7.790213777,7.766307502,10.50275781,10.46432505
SVK,2019,Slovak Republic,Europe & Central Asia,High income,321,189,132,2350.365986,6.91102982,78.81660461,19.15936279,37194.21045,16.25918897,77.66585366,5454147,53.36665587,2570.502976,134,198,2416.83419,36415.79205,15.72691555,18.90781784,79.21431732,53.48814969,4.882801923,4.8978398,7.851856869,7.790213777,10.5239084,10.50275781
SVK,2020,Slovak Republic,Europe & Central Asia,High income,350,214,136,2494.687045,7.06027794,80.2713623,18.75167656,36201.48638,16.7640891,76.86585366,5458827,53.24819989,2555.925557,132,189,2570.502976,37194.21045,16.25918897,19.15936279,78.81660461,53.36665587,4.912654886,4.882801923,7.84616969,7.851856869,10.49685546,10.5239084
SVK,2021,Slovak Republic,Europe & Central Asia,High income,474,308,166,2918.546606,7.62857914,79.73459625,19.40410614,38330.30274,17.16488825,74.61463415,5447247,53.19014799,2924.057479,136,214,2555.925557,36201.48638,16.7640891,18.75167656,80.2713623,53.24819989,5.111987788,4.912654886,7.980727478,7.84616969,10.55399606,10.49685546
SVK,2022,Slovak Republic,Europe & Central Asia,High income,341,199,142,3163.677344,7.70245218,79.87896729,19.26242447,38648.98557,17.5706372,76.96585366,5431752,53.19028311,2976.919632,166,308,2924.057479,38330.30274,17.16488825,19.40410614,79.73459625,53.19014799,4.955827058,5.111987788,7.998644364,7.980727478,10.56227581,10.55399606
SVK,2023,Slovak Republic,Europe & Central Asia,High income,297,167,130,3230.245351,7.35262203,78.94538116,20.15309143,39501.94742,18.05083658,78.1195122,5426740,53.19080502,2904.428889,142,199,2976.919632,38648.98557,17.5706372,19.26242447,79.87896729,53.19028311,4.86753445,4.955827058,7.973992054,7.998644364,10.58410525,10.56227581
SVN,2010,Slovenia,Europe & Central Asia,High income,254,173,81,2384.840096,8.63941956,72.36493683,12.64016342,38063.31468,16.36806886,79.42195122,2048583,50.11948628,3288.449454,,,3267.473542,37809.17355,16.31512551,12.77988815,72.01541901,50.24397821,4.394449155,,8.098171442,8.091772348,10.54700623,10.54030704
SVN,2011,Slovenia,Europe & Central Asia,High income,246,168,78,2472.896691,8.60054302,72.26573944,12.19664192,38233.29056,16.49559938,79.97073171,2052843,49.94638187,3288.270603,81,173,3288.449454,38063.31468,16.36806886,12.64016342,72.36493683,50.11948628,4.356708827,4.394449155,8.098117053,8.098171442,10.5514619,10.54700623
SVN,2012,Slovenia,Europe & Central Asia,High income,242,167,75,2533.160292,8.79263687,70.85123444,12.45996571,37040.70827,16.79045799,80.12439024,2057159,49.76194763,3256.854973,78,168,3288.270603,38233.29056,16.49559938,12.19664192,72.26573944,49.94638187,4.317488114,4.356708827,8.088517276,8.098117053,10.51977281,10.5514619
SVN,2013,Slovenia,Europe & Central Asia,High income,235,161,74,2621.22421,8.84043884,70.30366516,12.4548645,36685.74966,17.1479957,80.32195122,2059953,50.04665808,3243.181262,75,167,3256.854973,37040.70827,16.79045799,12.45996571,70.85123444,49.76194763,4.304065093,4.317488114,8.084309998,8.088517276,10.51014367,10.51977281
SVN,2014,Slovenia,Europe & Central Asia,High income,220,151,69,2625.702065,8.58487225,70.52433014,12.98344612,37662.25599,17.54694968,81.07804878,2061980,50.98347092,3233.256563,74,161,3243.181262,36685.74966,17.1479957,12.4548645,70.30366516,50.04665808,4.234106505,4.304065093,8.081245132,8.084309998,10.5364137,10.51014367
SVN,2015,Slovenia,Europe & Central Asia,High income,226,154,72,2689.420335,8.57742882,71.35445404,12.49877739,38534.64374,18.01842475,80.77560976,2063531,53.66121603,3305.281638,69,151,3233.256563,37662.25599,17.54694968,12.98344612,70.52433014,50.98347092,4.276666119,4.234106505,8.103276964,8.081245132,10.55931295,10.5364137
SVN,2016,Slovenia,Europe & Central Asia,High income,216,151,65,2878.29034,8.5691185,72.33666992,11.98103619,39674.89316,18.51205483,81.17560976,2065042,53.64727402,3399.788609,72,154,3305.281638,38534.64374,18.01842475,12.49877739,71.35445404,53.66121603,4.17438727,4.276666119,8.131468535,8.103276964,10.58847385,10.55931295
SVN,2017,Slovenia,Europe & Central Asia,High income,211,150,61,2988.783902,8.2588892,71.79818726,12.32243347,41700.65109,19.00099883,81.02926829,2066388,55.24511337,3444.010569,65,151,3399.788609,39674.89316,18.51205483,11.98103619,72.33666992,53.64727402,4.110873864,4.17438727,8.144391934,8.131468535,10.63827202,10.58847385
SVN,2018,Slovenia,Europe & Central Asia,High income,209,145,64,3236.614021,8.35228634,72.40888214,11.98157787,43369.22195,19.4617683,81.37804878,2073894,55.1913431,3622.3216,61,150,3444.010569,41700.65109,19.00099883,12.32243347,71.79818726,55.24511337,4.158883083,4.110873864,8.194870425,8.144391934,10.6775053,10.63827202
SVN,2019,Slovenia,Europe & Central Asia,High income,200,142,58,3642.587349,8.56564522,72.37037659,11.66123962,44577.94186,19.85166836,81.52926829,2088385,55.45232773,3818.388346,64,145,3622.3216,43369.22195,19.4617683,11.98157787,72.40888214,55.1913431,4.060443011,4.158883083,8.247583714,8.194870425,10.70499444,10.6775053
SVN,2020,Slovenia,Europe & Central Asia,High income,221,164,57,3976.050472,9.48984432,72.57459259,12.47413063,42471.5228,20.12138871,80.53170732,2102419,55.38439178,4030.481394,58,142,3818.388346,44577.94186,19.85166836,11.66123962,72.37037659,55.45232773,4.043051268,4.060443011,8.3016411,8.247583714,10.65658908,10.70499444
SVN,2021,Slovenia,Europe & Central Asia,High income,232,177,55,4372.477619,9.52724361,73.24479675,12.8761549,45922.66326,20.4309073,80.67560976,2108079,55.30462894,4375.164001,57,164,4030.481394,42471.5228,20.12138871,12.47413063,72.57459259,55.38439178,4.007333185,4.043051268,8.383699284,8.3016411,10.73471403,10.65658908
SVN,2022,Slovenia,Europe & Central Asia,High income,210,157,53,4864.662175,9.62683296,73.45202637,12.43187141,47058.8866,20.88127143,81.28292683,2112076,55.33778179,4530.280405,55,177,4375.164001,45922.66326,20.4309073,12.8761549,73.24479675,55.30462894,3.970291914,4.007333185,8.418539116,8.383699284,10.759155,10.73471403
SVN,2023,Slovenia,Europe & Central Asia,High income,187,134,53,4948.568889,9.30008888,73.1528244,12.39192963,47986.41959,21.33234296,81.92926829,2120461,55.53789278,4462.779672,53,157,4530.280405,47058.8866,20.88127143,12.43187141,73.45202637,55.33778179,3.970291914,3.970291914,8.403527096,8.418539116,10.77867332,10.759155
SWE,2010,Sweden,Europe & Central Asia,High income,173,109,64,3506.363699,8.32384682,82.35190582,16.50847054,55520.43242,18.2772883,81.45121951,9378126,85.13342285,4621.435748,,,4647.711312,52950.71033,17.93924231,16.56481934,82.34804535,84.93410319,4.158883083,,8.438460704,8.444130186,10.92450638,10.87711677
SWE,2011,Sweden,Europe & Central Asia,High income,168,105,63,4672.343955,10.50179005,84.51451111,14.52397251,56846.13683,18.63613856,81.80243902,9449213,85.36007489,5969.861941,64,109,4621.435748,55520.43242,18.2772883,16.50847054,82.35190582,85.13342285,4.143134726,4.158883083,8.694479081,8.438460704,10.94810354,10.92450638
SWE,2012,Sweden,Europe & Central Asia,High income,167,105,62,4916.676125,10.834198,84.23254395,14.7979908,56193.32875,18.97755199,81.70487805,9519374,85.62506689,6088.096499,63,105,5969.861941,56846.13683,18.63613856,14.52397251,84.51451111,85.36007489,4.127134385,4.143134726,8.71409075,8.694479081,10.93655332,10.94810354
SWE,2013,Sweden,Europe & Central Asia,High income,166,105,61,5088.492334,10.9872179,84.02632904,14.92813301,56353.08563,19.27442186,81.95609756,9600379,85.92497713,6191.636312,62,105,6088.096499,56193.32875,18.97755199,14.7979908,84.23254395,85.62506689,4.110873864,4.127134385,8.730954678,8.71409075,10.93939228,10.93655332
SWE,2014,Sweden,Europe & Central Asia,High income,160,103,57,5213.895943,11.07212639,84.00871277,14.94266987,57077.66935,19.52106927,82.25365854,9696110,86.25638387,6319.711691,61,105,6191.636312,56353.08563,19.27442186,14.92813301,84.02632904,85.92497713,4.043051268,4.110873864,8.751428868,8.730954678,10.95216824,10.93939228
SWE,2015,Sweden,Europe & Central Asia,High income,162,103,59,5360.910548,10.93069172,83.80768585,15.03159618,58955.64124,19.69826159,82.20487805,9799186,86.61586541,6444.259395,57,103,6319.711691,57077.66935,19.52106927,14.94266987,84.00871277,86.25638387,4.077537444,4.043051268,8.770944997,8.751428868,10.9845406,10.95216824
SWE,2016,Sweden,Europe & Central Asia,High income,155,100,55,5550.523277,10.95692444,84.08118439,14.63337803,59460.28727,19.77383486,82.30731707,9923085,87,6515.018748,59,103,6444.259395,58955.64124,19.69826159,15.03159618,83.80768585,86.61586541,4.007333185,4.077537444,8.781865367,8.770944997,10.99306393,10.9845406
SWE,2017,Sweden,Europe & Central Asia,High income,153,98,55,5670.292308,10.94730949,84.54151154,14.23645401,59769.01362,19.80183362,82.4097561,10057698,87.23737379,6543.098901,55,100,6515.018748,59460.28727,19.77383486,14.63337803,84.08118439,87,4.007333185,4.007333185,8.78616617,8.781865367,10.99824264,10.99306393
SWE,2018,Sweden,Europe & Central Asia,High income,150,97,53,5923.988004,11.09132671,84.48118591,14.21954441,60124.5712,19.86253716,82.55853659,10175214,87.47374309,6668.612625,55,98,6543.098901,59769.01362,19.80183362,14.23645401,84.54151154,87.23737379,3.970291914,4.007333185,8.805167115,8.78616617,11.00417388,10.99824264
SWE,2019,Sweden,Europe & Central Asia,High income,142,92,50,6267.407097,10.93444347,84.87624359,13.9244051,61070.52434,19.95066214,83.1097561,10278887,87.70884202,6677.721961,53,97,6668.612625,60124.5712,19.86253716,14.21954441,84.48118591,87.47374309,3.912023005,3.970291914,8.806532185,8.805167115,11.01978461,11.00417388
SWE,2020,Sweden,Europe & Central Asia,High income,151,101,50,6584.352956,11.42458725,86.05833435,12.9202652,59458.28053,20.0599854,82.35609756,10353442,87.94240469,6792.863136,50,92,6677.721961,61070.52434,19.95066214,13.9244051,84.87624359,87.70884202,3.912023005,3.912023005,8.823627801,8.806532185,10.99303018,11.01978461
SWE,2021,Sweden,Europe & Central Asia,High income,144,96,48,7069.639882,11.23013592,85.7720108,13.09276485,62190.8527,20.19678323,83.05609756,10415811,88.1741652,6984.117288,50,101,6792.863136,59458.28053,20.0599854,12.9202652,86.05833435,87.94240469,3.871201011,3.912023005,8.851393891,8.823627801,11.03796321,10.99303018
SWE,2022,Sweden,Europe & Central Asia,High income,138,90,48,7228.972134,10.85505676,85.86493683,13.12999439,62544.50022,20.34190182,83.05853659,10486941,88.40385765,6789.241,48,96,6984.117288,62190.8527,20.19678323,13.09276485,85.7720108,88.1741652,3.871201011,3.871201011,8.823094432,8.851393891,11.04363359,11.03796321
SWE,2023,Sweden,Europe & Central Asia,High income,133,86,47,7512.070185,11.152915,86.0816803,12.95748615,62122.5117,20.53642356,83.3097561,10536632,88.63121616,6928.470925,48,90,6789.241,62544.50022,20.34190182,13.12999439,85.86493683,88.40385765,3.850147602,3.871201011,8.843394422,8.823094432,11.03686371,11.04363359
THA,2010,Thailand,East Asia & Pacific,Upper middle income,301,166,135,438.4166357,3.39009809,73.77249908,14.4973793,16732.18703,8.577607016,75.012,68579447,44.00187366,567.2375529,,,567.0727296,15667.60473,8.340551853,15.90248966,73.12874603,42.99913112,4.905274778,,6.340778181,6.340487566,9.72508951,9.659350467
THA,2011,Thailand,East Asia & Pacific,Upper middle income,304,169,135,471.9894522,3.56825495,76.42584229,13.00871277,16768.16885,8.846524409,75.302,69007208,44.80487236,598.3310152,135,166,567.2375529,16732.18703,8.577607016,14.4973793,73.77249908,44.00187366,4.905274778,4.905274778,6.394144138,6.340778181,9.727237657,9.72508951
THA,2012,Thailand,East Asia & Pacific,Upper middle income,304,170,134,514.9357722,3.5229404,76.07963562,13.42186832,17871.57865,9.152377773,75.59,69436098,45.37356581,629.6050643,135,169,598.3310152,16768.16885,8.846524409,13.00871277,76.42584229,44.80487236,4.8978398,4.905274778,6.445092741,6.394144138,9.790966945,9.727237657
THA,2013,Thailand,East Asia & Pacific,Upper middle income,315,178,137,525.4270843,3.45313334,75.95276642,12.54023266,18244.40715,9.502381158,75.96,69845114,45.83213438,630.003706,134,170,629.6050643,17871.57865,9.152377773,13.42186832,76.07963562,45.37356581,4.919980926,4.8978398,6.445725702,6.445092741,9.811613855,9.790966945
THA,2014,Thailand,East Asia & Pacific,Upper middle income,322,178,144,566.1320212,3.68448091,75.68395233,12.85608101,18326.60487,9.894223165,76.279,70216367,46.31387995,675.240258,137,178,630.003706,18244.40715,9.502381158,12.54023266,75.95276642,45.83213438,4.9698133,4.919980926,6.515068565,6.445725702,9.816109101,9.811613855
THA,2015,Thailand,East Asia & Pacific,Upper middle income,332,182,150,608.3211199,3.8522861,71.35247803,11.91061687,18814.04086,10.32397274,76.563,70540795,46.95210438,724.7706807,144,178,675.240258,18326.60487,9.894223165,12.85608101,75.68395233,46.31387995,5.010635294,4.9698133,6.585855302,6.515068565,9.842358724,9.816109101
THA,2016,Thailand,East Asia & Pacific,Upper middle income,339,189,150,656.6817032,3.93900609,72.38878632,10.8130331,19372.7128,10.78147839,76.769,70859841,47.88010956,763.0923371,150,182,724.7706807,18814.04086,10.32397274,11.91061687,71.35247803,46.95210438,5.010635294,5.010635294,6.637379042,6.585855302,9.871620798,9.842358724
THA,2017,Thailand,East Asia & Pacific,Upper middle income,328,181,147,677.0599671,3.85276842,72.03818512,11.83790398,20096.86055,11.26599625,76.989,71160187,49.23119736,774.2854965,150,189,763.0923371,19372.7128,10.78147839,10.8130331,72.38878632,47.88010956,4.990432587,5.010635294,6.651940664,6.637379042,9.90831889,9.871620798
THA,2018,Thailand,East Asia & Pacific,Upper middle income,320,176,144,730.3791204,3.87040329,70.86565399,10.11109638,20882.17074,11.78333018,77.19,71376079,54.58437347,808.2242234,147,181,774.2854965,20096.86055,11.26599625,11.83790398,72.03818512,49.23119736,4.9698133,4.990432587,6.694839524,6.651940664,9.946650999,9.90831889
THA,2019,Thailand,East Asia & Pacific,Upper middle income,328,181,147,756.7571186,3.78911877,71.65908051,8.66960335,21280.15045,12.32875352,77.197,71522271,55.92661667,806.3301751,144,176,808.2242234,20882.17074,11.78333018,10.11109638,70.86565399,54.58437347,4.990432587,4.9698133,6.692493305,6.694839524,9.965530014,9.946650999
THA,2020,Thailand,East Asia & Pacific,Upper middle income,,,,835.011549,4.35724688,70.36411285,10.54276752,19950.28441,12.89798529,77.331,71641484,57.23587799,869.2831448,147,181,806.3301751,21280.15045,12.32875352,8.66960335,71.65908051,55.92661667,,4.990432587,6.767668901,6.692493305,9.900998678,9.965530014
THA,2021,Thailand,East Asia & Pacific,Upper middle income,345,199,146,1043.312298,5.15399981,70.36208344,9.04449558,20236.97604,13.49202979,77.606,71727332,58.50877762,1043.013707,,,869.2831448,19950.28441,12.89798529,10.54276752,70.36411285,57.23587799,4.983606622,,6.949869597,6.767668901,9.915266707,9.900998678
THA,2022,Thailand,East Asia & Pacific,Upper middle income,304,171,133,1189.83103,5.35471153,72.69755554,9.21155357,20768.48001,14.09678417,75.291,71735329,59.74237442,1112.092194,146,199,1043.013707,20236.97604,13.49202979,9.04449558,70.36208344,58.50877762,4.890349128,4.983606622,7.013998379,6.949869597,9.941191732,9.915266707
THA,2023,Thailand,East Asia & Pacific,Upper middle income,281,152,129,1066.754293,4.53787661,77.88262939,9.93404865,21245.27068,14.71825608,76.412,71702435,60.93419266,964.0841688,133,171,1112.092194,20768.48001,14.09678417,9.21155357,72.69755554,59.74237442,4.859812404,4.890349128,6.871178603,7.013998379,9.963889593,9.941191732
TUR,2010,Turkiye,Europe & Central Asia,Upper middle income,251,147,104,868.3161727,5.02053452,77.99839783,16.87221718,19897.44648,7.195025182,74.964,73142150,69.34712539,998.9581693,,,1022.625914,18612.19252,7.121535672,14.5079031,80.49878693,67.84014322,4.644390899,,6.906712905,6.930129024,9.898346685,9.831572157
TUR,2011,Turkiye,Europe & Central Asia,Upper middle income,251,148,103,911.680489,4.6530509,79.12835693,15.89518452,21760.42919,7.267605264,74.823,74223629,71.00287235,1012.523846,104,147,998.9581693,19897.44648,7.195025182,16.87221718,77.99839783,69.34712539,4.634728988,4.644390899,6.920201351,6.906712905,9.987848425,9.898346685
TUR,2012,Turkiye,Europe & Central Asia,Upper middle income,242,142,100,916.5173233,4.44444656,79.17140961,15.9315958,22517.71483,7.34083797,75.552,75175827,73.77886802,1000.787802,103,148,1012.523846,21760.42919,7.267605264,15.89518452,79.12835693,71.00287235,4.605170186,4.634728988,6.908542771,6.920201351,10.0220576,9.987848425
TUR,2013,Turkiye,Europe & Central Asia,Upper middle income,276,163,113,974.665363,4.37099934,78.34962463,16.92680168,24117.31211,7.433121338,76.171,76147624,78.52183684,1054.167553,100,142,1000.787802,22517.71483,7.34083797,15.9315958,79.17140961,73.77886802,4.727387819,4.605170186,6.960506685,6.908542771,10.09068521,10.0220576
TUR,2014,Turkiye,Europe & Central Asia,Upper middle income,277,160,117,1031.172036,4.32517862,77.60512543,17.72542191,24888.85217,7.525186339,76.452,77181884,83.60248507,1076.487313,113,163,1054.167553,24117.31211,7.433121338,16.92680168,78.34962463,78.52183684,4.762173935,4.727387819,6.981458531,6.960506685,10.12217528,10.09068521
TUR,2015,Turkiye,Europe & Central Asia,Upper middle income,273,155,118,1040.846104,4.11690426,78.13336182,16.94873238,25984.80273,7.618432127,76.539,78218479,87.2167108,1069.769451,117,160,1076.487313,24888.85217,7.525186339,17.72542191,77.60512543,83.60248507,4.770684624,4.762173935,6.975198437,6.981458531,10.16526714,10.12217528
TUR,2016,Turkiye,Europe & Central Asia,Upper middle income,276,156,120,1110.579427,4.28469229,78.44212341,16.46614456,26489.64368,7.759650875,76.595,79277962,88.10209586,1134.99972,118,155,1069.769451,25984.80273,7.618432127,16.94873238,78.13336182,87.2167108,4.787491743,4.770684624,7.034387684,6.975198437,10.18450913,10.16526714
TUR,2017,Turkiye,Europe & Central Asia,Upper middle income,268,150,118,1139.102604,4.17974997,77.71027374,17.38420105,28194.68831,7.946429949,77.037,80312698,88.03204727,1178.467476,120,156,1134.99972,26489.64368,7.759650875,16.46614456,78.44212341,88.10209586,4.770684624,4.787491743,7.071970124,7.034387684,10.24688888,10.18450913
TUR,2018,Turkiye,Europe & Central Asia,Upper middle income,251,140,111,1124.655993,4.12101603,77.38227081,17.49141884,28780.30365,8.171894634,77.454,81407204,88.16557496,1186.040927,118,150,1178.467476,28194.68831,7.946429949,17.38420105,77.71027374,88.03204727,4.709530201,4.770684624,7.078376087,7.071970124,10.26744653,10.24688888
TUR,2019,Turkiye,Europe & Central Asia,Upper middle income,233,126,107,1200.392489,4.35954332,77.68532562,17.04763412,28741.05351,8.522632271,77.737,82579440,88.66181529,1252.978678,111,140,1186.040927,28780.30365,8.171894634,17.49141884,77.38227081,88.16557496,4.672828834,4.709530201,7.133278938,7.078376087,10.26608182,10.26744653
TUR,2020,Turkiye,Europe & Central Asia,Upper middle income,292,156,136,1282.362573,4.61640215,78.84537506,16.43061447,28976.71792,8.963864417,76.525,83384680,88.9303115,1337.681829,107,126,1252.978678,28741.05351,8.522632271,17.04763412,77.68532562,88.66181529,4.912654886,4.672828834,7.198693416,7.133278938,10.27424796,10.26608182
TUR,2021,Turkiye,Europe & Central Asia,Upper middle income,315,183,132,1387.369989,4.56065559,78.80183411,16.27120399,32105.54744,9.384959859,75.722,84147318,89.17620482,1464.223444,136,156,1337.681829,28976.71792,8.963864417,16.43061447,78.84537506,88.9303115,4.882801923,4.912654886,7.289080309,7.198693416,10.37678411,10.27424796
TUR,2022,Turkiye,Europe & Central Asia,Upper middle income,243,127,116,1413.491715,3.70338893,75.15867615,19.47843933,33520.81114,9.719520406,77.591,84979913,89.03811646,1241.406009,132,183,1464.223444,32105.54744,9.384959859,16.27120399,78.80183411,89.17620482,4.753590191,4.882801923,7.123999894,7.289080309,10.41992175,10.37678411
TUR,2023,Turkiye,Europe & Central Asia,Upper middle income,287,168,119,1769.227219,4.27524424,75.92346191,19.04723167,35069.17017,10.00102767,77.156,85325965,89.02184468,1499.292678,116,127,1241.406009,33520.81114,9.719520406,19.47843933,75.15867615,89.03811646,4.779123493,4.753590191,7.312748728,7.123999894,10.46507768,10.41992175
USA,2010,United States,North America,High income,277,181,96,7836.088334,16.19722366,48.96047211,12.36788654,59797.07365,12.84476166,78.54146341,309378227,80.69977447,9685.465762,,,9513.441417,58722.49677,12.67109304,12.64764786,48.59147644,80.68503784,4.564348191,,9.178381666,9.160460964,10.998712,10.98057818
USA,2011,United States,North America,High income,276,181,95,8015.780948,16.14000511,49.13611603,12.32011318,60253.20358,13.06633047,78.64146341,311839461,80.69575543,9724.870137,96,181,9685.465762,59797.07365,12.84476166,12.36788654,48.96047211,80.69977447,4.553876892,4.564348191,9.182441815,9.178381666,11.00631102,10.998712
USA,2012,United States,North America,High income,272,179,93,8262.293083,16.11975479,48.84740448,12.33532524,61142.3637,13.37660804,78.74146341,314339099,80.68374934,9855.999102,95,181,9724.870137,60253.20358,13.06633047,12.32011318,49.13611603,80.69575543,4.532599493,4.553876892,9.195835595,9.182441815,11.02096026,11.00631102
USA,2013,United States,North America,High income,271,178,93,8412.251617,15.95227051,49.51837158,12.28278923,61966.66214,13.70119272,78.74146341,316726282,80.66088928,9885.08957,93,179,9855.999102,61142.3637,13.37660804,12.33532524,48.84740448,80.68374934,4.532599493,4.532599493,9.198782797,9.195835595,11.03435181,11.02096026
USA,2014,United States,North America,High income,271,178,93,8796.339334,16.1415844,50.79076767,11.9760685,63026.87792,14.0089266,78.84146341,319257560,80.62422318,10173.53669,93,178,9885.08957,61966.66214,13.70119272,12.28278923,49.51837158,80.66088928,4.532599493,4.532599493,9.227545186,9.198782797,11.05131655,11.03435181
USA,2015,United States,North America,High income,273,180,93,9200.931332,16.40155411,51.40190506,11.75374031,64367.71889,14.31022471,78.6902439,321815121,80.57079895,10557.30624,93,178,10173.53669,63026.87792,14.0089266,11.9760685,50.79076767,80.62422318,4.532599493,4.532599493,9.264573434,9.227545186,11.07236753,11.05131655
USA,2016,United States,North America,High income,275,182,93,9535.600488,16.69203949,51.26996994,11.62600517,65025.9856,14.61472851,78.53902439,324353340,80.49766453,10854.16319,93,180,10557.30624,64367.71889,14.31022471,11.75374031,51.40190506,80.57079895,4.532599493,4.532599493,9.29230399,9.264573434,11.08254225,11.07236753
USA,2017,United States,North America,High income,275,183,92,9822.606055,16.63827515,51.26831436,11.34881878,66164.032,14.93912339,78.53902439,326608609,80.40186784,11008.55369,93,182,10854.16319,65025.9856,14.61472851,11.62600517,51.26996994,80.49766453,4.521788577,4.532599493,9.306427858,9.29230399,11.09989227,11.08254225
USA,2018,United States,North America,High income,270,179,91,10180.48232,16.51312637,51.60387802,11.32081032,67728.44249,15.29148662,78.63902439,328529577,80.2804568,11184.0833,92,183,11008.55369,66164.032,14.93912339,11.34881878,51.26831436,80.40186784,4.510859507,4.521788577,9.322246912,9.306427858,11.1232615,11.09989227
USA,2019,United States,North America,High income,267,177,90,10550.22069,16.54486084,51.96105957,11.30872917,69121.458,15.67288525,78.78780488,330226227,80.13047934,11436.04904,91,179,11184.0833,67728.44249,15.29148662,11.32081032,51.60387802,80.2804568,4.49980967,4.510859507,9.344525841,9.322246912,11.1436205,11.1232615
USA,2020,United States,North America,High income,328,232,96,11648.49531,18.51597404,56.92621231,10.06959915,67406.83113,16.07191194,76.9804878,331578104,79.99745176,12481.03135,90,177,11436.04904,69121.458,15.67288525,11.30872917,51.96105957,80.13047934,4.564348191,4.49980967,9.431965279,9.344525841,11.11850164,11.1436205
USA,2021,United States,North America,High income,363,266,97,12080.07362,17.35207748,55.45219421,10.72964573,71441.23198,16.47377002,76.32926829,332100166,80.00747651,12396.53793,96,232,12481.03135,67406.83113,16.07191194,10.06959915,56.92621231,79.99745176,4.574710979,4.564348191,9.425172513,9.431965279,11.17663046,11.11850164
USA,2022,United States,North America,High income,312,217,95,12586.19618,16.52875137,55.1751709,10.96877766,72828.74309,16.91962039,77.43414634,333996304,80.03249782,12037.68187,97,266,12396.53793,71441.23198,16.47377002,10.72964573,55.45219421,80.00747651,4.553876892,4.574710979,9.395797165,9.425172513,11.19586598,11.17663046
USA,2023,United States,North America,High income,285,193,92,13473.19322,16.69414902,53.95373535,10.92723846,74351.67182,17.43181948,78.38536585,336755052,80.07156112,12412.37889,95,217,12037.68187,72828.74309,16.91962039,10.96877766,55.1751709,80.03249782,4.521788577,4.553876892,9.426449551,9.395797165,11.21656144,11.19586598
ZAF,2010,South Africa,Sub-Saharan Africa ,Upper middle income,858,450,408,984.8976478,7.79358244,51.32851791,7.99506283,14164.99584,5.247369945,58.886,52344051,62.62991206,1103.960628,,,1064.087239,13910.70171,5.248445558,8.10977173,49.73912811,62.25928391,6.011267174,,7.006659563,6.969872658,9.558529118,9.54041373
ZAF,2011,South Africa,Sub-Saharan Africa ,Upper middle income,796,415,381,1044.140503,7.94434404,51.8671875,7.75090933,14434.26115,5.241522323,60.602,52995205,62.85062775,1146.707365,408,450,1103.960628,14164.99584,5.247369945,7.99506283,51.32851791,62.62991206,5.942799375,6.011267174,7.044649954,7.006659563,9.577359906,9.558529118
ZAF,2012,South Africa,Sub-Saharan Africa ,Upper middle income,739,395,344,1039.500885,8.00428867,51.72668076,7.72201967,14563.7624,5.250222672,61.737,53782567,62.96165603,1165.725584,381,415,1146.707365,14434.26115,5.241522323,7.75090933,51.8671875,62.85062775,5.840641657,5.942799375,7.061098991,7.044649954,9.586291695,9.577359906
ZAF,2013,South Africa,Sub-Saharan Africa ,Upper middle income,691,380,311,1083.355548,8.10322285,51.15374756,7.61004734,14681.09664,5.287842728,62.388,54678791,63.05240241,1189.641977,344,395,1165.725584,14563.7624,5.250222672,7.72201967,51.72668076,62.96165603,5.739792912,5.840641657,7.081407682,7.061098991,9.594316002,9.586291695
ZAF,2014,South Africa,Sub-Saharan Africa ,Upper middle income,665,367,298,1051.531105,7.87136555,55.56298065,5.66398144,14643.33848,5.331154978,63.184,55594838,63.13523271,1152.6307,311,380,1189.641977,14681.09664,5.287842728,7.61004734,51.15374756,63.05240241,5.697093487,5.739792912,7.049802174,7.081407682,9.5917408,9.594316002
ZAF,2015,South Africa,Sub-Saharan Africa ,Upper middle income,652,362,290,1078.908399,8.05304241,57.07562637,5.73639154,14541.67486,5.369611431,64.053,56723537,63.20963499,1171.047244,298,367,1152.6307,14643.33848,5.331154978,5.66398144,55.56298065,63.13523271,5.669880923,5.697093487,7.065653708,7.049802174,9.584773934,9.5917408
ZAF,2016,South Africa,Sub-Saharan Africa ,Upper middle income,635,354,281,1092.306552,8.07959366,56.59904099,5.78551435,14501.28078,5.473534887,64.749,57259551,63.27509734,1171.644563,290,362,1171.047244,14541.67486,5.369611431,5.73639154,57.07562637,63.20963499,5.638354669,5.669880923,7.06616365,7.065653708,9.581992254,9.584773934
ZAF,2017,South Africa,Sub-Saharan Africa ,Upper middle income,614,344,270,1095.931079,7.97711372,57.23299026,5.83464384,14573.59808,5.628055665,65.422,57635162,63.33110783,1162.552492,281,354,1171.644563,14501.28078,5.473534887,5.78551435,56.59904099,63.27509734,5.598421959,5.638354669,7.058373291,7.06616365,9.58696682,9.581992254
ZAF,2018,South Africa,Sub-Saharan Africa ,Upper middle income,588,332,256,1078.729368,8.0819664,57.04347992,5.84666348,14553.56157,5.776609235,65.726,58613001,63.37715452,1176.213956,270,344,1162.552492,14573.59808,5.628055665,5.83464384,57.23299026,63.33110783,5.545177444,5.598421959,7.070056047,7.058373291,9.585591024,9.58696682
ZAF,2019,South Africa,Sub-Saharan Africa ,Upper middle income,580,328,252,1101.858792,8.24652863,58.20708084,5.74111795,14352.66987,5.945220191,66.071,59587885,63.4127255,1183.59703,256,332,1176.213956,14553.56157,5.776609235,5.84666348,57.04347992,63.37715452,5.529429088,5.545177444,7.076313411,7.070056047,9.571691258,9.585591024
ZAF,2020,South Africa,Sub-Saharan Africa ,Upper middle income,625,365,260,1143.15247,9.02174091,64.78907776,6.42942715,13250.56666,6.109488991,65.15,60562381,63.43730883,1195.431793,252,328,1183.59703,14352.66987,5.945220191,5.74111795,58.20708084,63.4127255,5.560681631,5.529429088,7.086262732,7.076313411,9.491795597,9.571691258
ZAF,2021,South Africa,Sub-Saharan Africa ,Upper middle income,,,,1188.01536,8.6645031,63.41923904,6.61017942,13681.95481,6.234625549,62.01,61502603,63.45039259,1185.473399,260,365,1195.431793,13250.56666,6.109488991,6.42942715,64.78907776,63.43730883,,5.560681631,7.077897467,7.086262732,9.523833077,9.491795597
ZAF,2022,South Africa,Sub-Saharan Africa ,Upper middle income,,,,1290.730634,8.74512291,61.55566025,6.71828651,13767.49676,6.361626563,65.454,62378410,63.47666992,1203.984513,,,1185.473399,13681.95481,6.234625549,6.61017942,63.41923904,63.45039259,,,7.093391763,7.077897467,9.530065786,9.523833077
ZAF,2023,South Africa,Sub-Saharan Africa ,Upper middle income,,,,1353.752525,8.90966797,61.61361313,6.69263172,13695.37557,6.515093676,66.139,63212384,63.58237052,1220.21249,,,1203.984513,13767.49676,6.361626563,6.71828651,61.55566025,63.47666992,,,7.106780295,7.093391763,9.524813505,9.530065786
